Workbook

Sheet Data
B2: Vessel's Dimension | D2: Unit | E2: Value | H2: Vessel's model mesh
B3: Length Overall | C3: LOA | D3: m | E3: 93.45
B4: Length Between Perpendicular | C4: LBP | D4: m | E4: 81.6
B5: Breadth | C5: B | D5: m | E5: 22
B6: Depth | C6: D | D6: m | E6: 8.5 | F6: Diodore | G6: Difference (%)
B7: Displacement | C7: M | D7: Tons | E7: 8231.1 | F7: =8074.802*1.025 -> 8276.672 | G7: =(F7-E7)/E7 -> 0.0055365686
B8: Draft - Mid | C8: T | D8: m | E8: 6.247
B9: Draft - Aft (AP) | D9: m | E9: 6.319
B10: Draft - Fwd (FP) | D10: m | E10: 6.176
B11: Trim | D11: m | E11: =E10-E9 -> -0.143
D12: ° | E12: =ATAN(E11/E4)*PI()/180 -> -3.0586008e-05
B13: Heel | C13: ° | D13: ° | E13: 0
B14: Centre of Gravity | C14: LCG | D14: m | E14: 40.5
C15: TCG | D15: m | E15: 0
C16: VCG | D16: m | E16: 8.05
B17: Corrected GM | C17: GM | D17: m | E17: 3.09
B19: Inertia
B20: Ixx | C20: =(E7*1000)*((E5/3)^2) -> 4.4265027e+08
B21: Iyy | C21: =(E7*1000)*((E4/4)^2) -> 3.4254546e+09
B22: Izz | C22: =(E7*1000)*((E4/4)^2) -> 3.4254546e+09
B24: Water Depth | C24: 300 | D24: m
B26: Rho | C26: 1025 | H26: Vessel's Lines Plan
B27: Cd | C27: 0.08
B28: Bq | C28: =0.5*C26*C27*E4*(E5^4) -> 7.8372687e+08 | D28: kg/m

Sheet Convention
A1: Conventions:
A2: Translations are amplitudes of response to a wave of unit amplitude
A3: Rotations are amplitudes, in degrees, of response to a wave of unit amplitude
A4: Phases are relative to potential
A5: Motions are positive when surge is forward, sway is to port, heave is up,
A6: roll is starboard down, pitch is bow down, yaw is bow to port
A9: Wave incidence
A10: 0° | B10: Following Wave
A11: 45° | B11: Quartering Following Wave (from stbd)
A12: 90° | B12: Beam Wave (from stbd)
A13: 135° | B13: Quartering Bow Wave (from stbd)
A14: 180° | B14: Head Wave
A16: Definition of RAO
A17: For any motion G(t) described by its RAO Ĝ(w), the response in a regular wave of amplitude a, pulsation w and phase j, is given by the expression:
A23: where | B23: |Ĝ(w)| is the module of the RAO
B24: arg(Ĝ(w)) is the phase of the RAO

Sheet ASN.HDB
A1: [SOFT] | B1: DIODORE
A2: [VERSION] | B2: 5.5.2
A3: [Date] | B3: 0.68716435 | C3: Jan | D3: 17 | E3: 2024
A4: [INPUT_FILE] | B4: ASN.INP
A5: [Locally_At] | B5: C:\Work_Faiz\New | C5: folder\02_Dio\Cd_0.08
A6: [UNIT]
A7: [FORWARD_SPEED] | B7: 0
A8: [HYDRO_PARA] | B8: Y
A9: [DETAIL_EXC] | B9: N
A10: [RAO] | B10: Y
A11: [DRIFT_FORCE] | B11: Y
A12: [QTF] | B12: N
A13: [PERIODS_NUMBER] | B13: 33
A14: [INTER_PERIODS_NB] | B14: 200
A15: [QTF_PERIODS_NUMBER] | B15: 0
A16: [QTF_SWEEPING_NUMBER] | B16: 0
A17: [QTF_SWEEPING_STEP] | B17: 0
A18: [HEADINGS_NUMBER] | B18: 37
A19: [LOWEST_HEADING] | B19: 0
A20: [HIGHEST_HEADING] | B20: 360
A21: [List_calculated_periods]
B22: 3
B23: 4
B24: 5
B25: 6
B26: 7
B27: 8
B28: 9
B29: 10
B30: 11
B31: 12
B32: 13
B33: 14
... B54: 35
A55: [List_calculated_headings]
B56: 0
B57: 10
B58: 20
B59: 30
B60: 40
B61: 50
B62: 60
B63: 70
B64: 80
B65: 90
B66: 100
B67: 110
... B92: 360
A93: [STRUCTURES_NUMBER] | B93: 1
A94: [STRUCTURE_01] | B94: ASN
A95: [UNDERWATER_VOLUME] | B95: 8074.802
A96: [CENTER_OF_BUOYANCY] | B96: 37.9485 | C96: 0 | D96: -2.7009
A97: [CENTER_OF_GRAVITY] | B97: 40.4859 | C97: 0 | D97: 1.8017
A98: [Mass_Inertia_matrix]
B99: 8231100 | C99: 0 | D99: 0 | E99: 0 | F99: 0 | G99: 0
B100: 0 | C100: 8231100 | D100: 0 | E100: 0 | F100: 0 | G100: 0
B101: 0 | C101: 0 | D101: 8231100 | E101: 0 | F101: 0 | G101: 0
B102: 0 | C102: 0 | D102: 0 | E102: 443000000 | F102: 0 | G102: 0
B103: 0 | C103: 0 | D103: 0 | E103: 0 | F103: 3430000100 | G103: 0
B104: 0 | C104: 0 | D104: 0 | E104: 0 | F104: 0 | G104: 3430000100
A105: [Hydrostatic_matrix]
B106: 0 | C106: 0 | D106: 0 | E106: 0 | F106: 0 | G106: 0
B107: 0 | C107: 0 | D107: 0 | E107: 0 | F107: 0 | G107: 0
B108: 0 | C108: 0 | D108: 16795388 | E108: -0.40275621 | F108: 117301240 | G108: 0
B109: 0 | C109: 0 | D109: -0.40275621 | E109: 245741280 | F109: -0.0019710553 | G109: 0
B110: 0 | C110: 0 | D110: 117301240 | E110: -0.0019710553 | F110: 8148022300 | G110: 0
B111: 0 | C111: 0 | D111: 0 | E111: 0 | F111: 0 | G111: 0
A112: [Stiffness_matrix_of_the_mooring_system]
B113: 0 | C113: 0 | D113: 0 | E113: 0 | F113: 0 | G113: 0
B114: 0 | C114: 0 | D114: 0 | E114: 0 | F114: 0 | G114: 0
B115: 0 | C115: 0 | D115: 0 | E115: 0 | F115: 0 | G115: 0
B116: 0 | C116: 0 | D116: 0 | E116: 0 | F116: 0 | G116: 0
B117: 0 | C117: 0 | D117: 0 | E117: 0 | F117: 0 | G117: 0
B118: 0 | C118: 0 | D118: 0 | E118: 0 | F118: 0 | G118: 0
A120: [EXCITATION_FORCES_AND_MOMENTS]
A121: [INCIDENCE_EFM_MOD_001] | B121: 0
B122: 3 | C122: 318319.47 | D122: 329.1185 | E122: 739026.94 | F122: 1672.3522 | G122: 27830376 | H122: 6837.1011
B123: 4 | C123: 407822.38 | D123: 184.44685 | E123: 1057379.4 | F123: 1125.0897 | G123: 40967128 | H123: 6207.7998
B124: 5 | C124: 359485.72 | D124: 59.863342 | E124: 1382830.2 | F124: 1388.2284 | G124: 52914208 | H124: 4784.8672
B125: 6 | C125: 571893.12 | D125: 169.35744 | E125: 1796995.6 | F125: 308.5817 | G125: 57989672 | H125: 2744.2468
B126: 7 | C126: 401638.78 | D126: 165.55861 | E126: 1525553 | F126: 1152.1776 | G126: 82843872 | H126: 5359.1499
B127: 8 | C127: 937902.75 | D127: 112.65765 | E127: 2092666.5 | F127: 1719.4762 | G127: 123420770 | H127: 5444.02
B128: 9 | C128: 1314530.8 | D128: 95.879936 | E128: 3989078 | F128: 1929.0128 | G128: 150358620 | H128: 5160.4204
B129: 10 | C129: 1489955.9 | D129: 94.294975 | E129: 5755185.5 | F129: 1999.7356 | G129: 165713380 | H129: 4911.3989
B130: 11 | C130: 1531456.9 | D130: 94.633263 | E130: 7177813 | F130: 1976.3076 | G130: 171372370 | H130: 4594.0376
B131: 12 | C131: 1493909.6 | D131: 99.867027 | E131: 8329617 | F131: 1924.3329 | G131: 170131600 | H131: 4442.5229
B132: 13 | C132: 1414270.5 | D132: 108.40496 | E132: 9287070 | F132: 1855.9592 | G132: 164884130 | H132: 4521.5352
B133: 14 | C133: 1315884.4 | D133: 112.25832 | E133: 10099467 | F133: 1806.7764 | G133: 157856540 | H133: 4711.2046
... B154: 35 | C154: 334335.66 | D154: 161.35838 | E154: 15603354 | F154: 1633.0564 | G154: 114840940 | H154: 6923.4058
A155: [INCIDENCE_EFM_MOD_002] | B155: 10
B156: 3 | C156: 300976.09 | D156: 52360.777 | E156: 682497.88 | F156: 932378.44 | G156: 25824788 | H156: 706613.31
B157: 4 | C157: 388322.94 | D157: 101441.05 | E157: 1057819.5 | F157: 707672.56 | G157: 40034040 | H157: 3430065.2
B158: 5 | C158: 376955.94 | D158: 66891.055 | E158: 1366132.2 | F158: 452429.44 | G158: 53223364 | H158: 4777833
B159: 6 | C159: 543846.62 | D159: 146932.31 | E159: 1793235.1 | F159: 1633195.1 | G159: 57415928 | H159: 3302370.8
B160: 7 | C160: 431605.44 | D160: 148248.72 | E160: 1489794.4 | F160: 576580.38 | G160: 85184456 | H160: 14527365
B161: 8 | C161: 966574.94 | D161: 433451.53 | E161: 2201777.8 | F161: 1119208 | G161: 124616330 | H161: 16025581
B162: 9 | C162: 1323613.6 | D162: 573541 | E162: 4108419.8 | F162: 1233677.6 | G162: 150441820 | H162: 13104407
B163: 10 | C163: 1485853.1 | D163: 601055.19 | E163: 5849795 | F163: 1173363.2 | G163: 165058900 | H163: 9884460
B164: 11 | C164: 1519966.5 | D164: 571480.38 | E164: 7249295 | F164: 1080202.1 | G164: 170272800 | H164: 7340935.5
B165: 12 | C165: 1478800.2 | D165: 521067.25 | E165: 8383815 | F165: 979567.44 | G165: 168813070 | H165: 5478494
...

Sheet 0°
A1: RAOs for Ile de Molene
A3: Direction = 0°
A4: Period | B4: Surge | D4: Sway | F4: Heave | H4: Roll | J4: Pitch | L4: Yaw
B5: Ampl. | C5: Phase | D5: Ampl. | E5: Phase | F5: Ampl. | G5: Phase | H5: Ampl. | I5: Phase | J5: Ampl. | K5: Phase | L5: Ampl. | M5: Phase
A6: (s) | B6: m/m | C6: deg | D6: m/m | E6: deg | F6: m/m | G6: deg | H6: deg/m | I6: deg | J6: deg/m | K6: deg | L6: deg/m | M6: deg
A7: 3 | B7: =ASN.HDB!C2639 -> 0.0057567591 | C7: =ASN.HDB!C3897 -> 293.62726 | D7: =ASN.HDB!D2639 -> 9.6417498e-06 | E7: =ASN.HDB!D3897 -> 248.54221 | F7: =ASN.HDB!E2639 -> 0.0067995694 | G7: =ASN.HDB!E3897 -> 306.91647 | H7: =ASN.HDB!F2639 -> 3.9623377e-05 | I7: =ASN.HDB!F3897 -> 73.856857 | J7: =ASN.HDB!G2639 -> 0.056186736 | K7: =ASN.HDB!G3897 -> 306.79584 | L7: =ASN.HDB!H2639 -> 3.0526557e-05 | M7: =ASN.HDB!H3897 -> 71.252998
A8: 4 | B8: =ASN.HDB!C2640 -> 0.01017687 | C8: =ASN.HDB!C3898 -> 329.24655 | D8: =ASN.HDB!D2640 -> 6.2938025e-06 | E8: =ASN.HDB!D3898 -> 244.6425 | F8: =ASN.HDB!E2640 -> 0.023505453 | G8: =ASN.HDB!E3898 -> 0.74357998 | H8: =ASN.HDB!F2640 -> 8.2385508e-05 | I8: =ASN.HDB!F3898 -> 104.7973 | J8: =ASN.HDB!G2640 -> 0.19417262 | K8: =ASN.HDB!G3898 -> 355.20355 | L8: =ASN.HDB!H2640 -> 2.1987353e-05 | M8: =ASN.HDB!H3898 -> 190.49689
A9: 5 | B9: =ASN.HDB!C2641 -> 0.012325233 | C9: =ASN.HDB!C3899 -> 213.95735 | D9: =ASN.HDB!D2641 -> 6.3118655e-06 | E9: =ASN.HDB!D3899 -> 287.74878 | F9: =ASN.HDB!E2641 -> 0.075872302 | G9: =ASN.HDB!E3899 -> 4.3794312 | H9: =ASN.HDB!F2641 -> 0.00012688563 | I9: =ASN.HDB!F3899 -> 121.9771 | J9: =ASN.HDB!G2641 -> 0.53986263 | K9: =ASN.HDB!G3899 -> 8.395401 | L9: =ASN.HDB!H2641 -> 1.9595556e-05 | M9: =ASN.HDB!H3899 -> 155.07898
A10: 6 | B10: =ASN.HDB!C2642 -> 0.038385224 | C10: =ASN.HDB!C3900 -> 152.47737 | D10: =ASN.HDB!D2642 -> 1.1383651e-05 | E10: =ASN.HDB!D3900 -> 307.72131 | F10: =ASN.HDB!E2642 -> 0.154076 | G10: =ASN.HDB!E3900 -> 344.2861 | H10: =ASN.HDB!F2642 -> 3.7507638e-05 | I10: =ASN.HDB!F3900 -> 20.102758 | J10: =ASN.HDB!G2642 -> 0.96908993 | K10: =ASN.HDB!G3900 -> 341.99841 | L10: =ASN.HDB!H2642 -> 2.2007755e-05 | M10: =ASN.HDB!H3900 -> 202.72205
A11: 7 | B11: =ASN.HDB!C2643 -> 0.12344672 | C11: =ASN.HDB!C3901 -> 182.82388 | D11: =ASN.HDB!D2643 -> 2.884837e-05 | E11: =ASN.HDB!D3901 -> 287.83575 | F11: =ASN.HDB!E2643 -> 0.22526895 | G11: =ASN.HDB!E3901 -> 251.75502 | H11: =ASN.HDB!F2643 -> 0.00034156878 | I11: =ASN.HDB!F3901 -> 230.93234 | J11: =ASN.HDB!G2643 -> 1.6049048 | K11: =ASN.HDB!G3901 -> 351.58609 | L11: =ASN.HDB!H2643 -> 6.6261629e-05 | M11: =ASN.HDB!H3901 -> 227.56601
A12: 8 | B12: =ASN.HDB!C2644 -> 0.3873665 | C12: =ASN.HDB!C3902 -> 146.04472 | D12: =ASN.HDB!D2644 -> 4.8359885e-05 | E12: =ASN.HDB!D3902 -> 224.41388 | F12: =ASN.HDB!E2644 -> 0.32122517 | G12: =ASN.HDB!E3902 -> 116.02752 | H12: =ASN.HDB!F2644 -> 0.0016290507 | I12: =ASN.HDB!F3902 -> 172.96036 | J12: =ASN.HDB!G2644 -> 2.8227074 | K12: =ASN.HDB!G3902 -> 312.82169 | L12: =ASN.HDB!H2644 -> 0.00019341271 | M12: =ASN.HDB!H3902 -> 187.1888
A13: 9 | B13: =ASN.HDB!C2645 -> 0.58417028 | C13: =ASN.HDB!C3903 -> 111.03628 | D13: =ASN.HDB!D2645 -> 7.1265218e-05 | E13: =ASN.HDB!D3903 -> 158.34692 | F13: =ASN.HDB!E2645 -> 0.55436152 | G13: =ASN.HDB!E3903 -> 50.737892 | H13: =ASN.HDB!F2645 -> 0.0059878593 | I13: =ASN.HDB!F3903 -> 123.13761 | J13: =ASN.HDB!G2645 -> 2.8306262 | K13: =ASN.HDB!G3903 -> 278.16431 | L13: =ASN.HDB!H2645 -> 0.00016623367 | M13: =ASN.HDB!H3903 -> 151.56654
A14: 10 | B14: =ASN.HDB!C2646 -> 0.69684231 | C14: =ASN.HDB!C3904 -> 87.978966 | D14: =ASN.HDB!D2646 -> 2.7673881e-05 | E14: =ASN.HDB!D3904 -> 332.94711 | F14: =ASN.HDB!E2646 -> 0.71041203 | G14: =ASN.HDB!E3904 -> 16.632202 | H14: =ASN.HDB!F2646 -> 0.011518042 | I14: =ASN.HDB!F3904 -> 274.23285 | J14: =ASN.HDB!G2646 -> 2.4402542 | K14: =ASN.HDB!G3904 -> 256.05487 | L14: =ASN.HDB!H2646 -> 0.00079085852 | M14: =ASN.HDB!H3904 -> 100.51197
A15: 11 | B15: =ASN.HDB!C2647 -> 0.77014452 | C15: =ASN.HDB!C3905 -> 72.132454 | D15: =ASN.HDB!D2647 -> 3.8212082e-05 | E15: =ASN.HDB!D3905 -> 44.105492 | F15: =ASN.HDB!E2647 -> 0.80493498 | G15: =ASN.HDB!E3905 -> 354.95261 | H15: =ASN.HDB!F2647 -> 0.0033065183 | I15: =ASN.HDB!F3905 -> 245.5219 | J15: =ASN.HDB!G2647 -> 2.06201 | K15: =ASN.HDB!G3905 -> 241.44324 | L15: =ASN.HDB!H2647 -> 0.00054427522 | M15: =ASN.HDB!H3905 -> 71.840523
A16: 12 | B16: =ASN.HDB!C2648 -> 0.82212967 | C16: =ASN.HDB!C3906 -> 60.479191 | D16: =ASN.HDB!D2648 -> 5.7277888e-05 | E16: =ASN.HDB!D3906 -> 22.926687 | F16: =ASN.HDB!E2648 -> 0.86366564 | G16: =ASN.HDB!E3906 -> 339.8161 | H16: =ASN.HDB!F2648 -> 0.0019639374 | I16: =ASN.HDB!F3906 -> 224.18973 | J16: =ASN.HDB!G2648 -> 1.7532462 | K16: =ASN.HDB!G3906 -> 231.01736 | L16: =ASN.HDB!H2648 -> 0.00052269694 | M16: =ASN.HDB!H3906 -> 47.456985
A17: 13 | B17: =ASN.HDB!C2649 -> 0.86020732 | C17: =ASN.HDB!C3907 -> 51.524109 | D17: =ASN.HDB!D2649 -> 7.3785552e-05 | E17: =ASN.HDB!D3907 -> 4.8799238 | F17: =ASN.HDB!E2649 -> 0.90164953 | G17: =ASN.HDB!E3907 -> 328.64676 | H17: =ASN.HDB!F2649 -> 0.0014094077 | I17: =ASN.HDB!F3907 -> 207.84535 | J17: =ASN.HDB!G2649 -> 1.5053993 | K17: =ASN.HDB!G3907 -> 223.1487 | L17: =ASN.HDB!H2649 -> 0.00053762097 | M17: =ASN.HDB!H3907 -> 27.159037
A18: 14 | B18: =ASN.HDB!C2650 -> 0.88858211 | C18: =ASN.HDB!C3908 -> 44.446602 | D18: =ASN.HDB!D2650 -> 8.7540146e-05 | E18: =ASN.HDB!D3908 -> 351.50647 | F18: =ASN.HDB!E2650 -> 0.92717624 | G18: =ASN.HDB!E3908 -> 320.08853 | H18: =ASN.HDB!F2650 -> 0.0011156513 | I18: =ASN.HDB!F3908 -> 193.47516 | J18: =ASN.HDB!G2650 -> 1.3048537 | K18: =ASN.HDB!G3908 -> 216.99095 | L18: =ASN.HDB!H2650 -> 0.00057141006 | M18: =ASN.HDB!H3908 -> 10.245642
... A39: 35 | B39: =ASN.HDB!C2671 -> 1.1989132 | C39: =ASN.HDB!C3929 -> 8.484025 | D39: =ASN.HDB!D2671 -> 0.00042365631 | E39: =ASN.HDB!D3929 -> 283.5423 | F39: =ASN.HDB!E2671 -> 0.99741554 | G39: =ASN.HDB!E3929 -> 279.38394 | H39: =ASN.HDB!F2671 -> 0.00040080174 | I39: =ASN.HDB!F3929 -> 110.86937 | J39: =ASN.HDB!G2671 -> 0.25303501 | K39: =ASN.HDB!G3929 -> 186.41933 | L39: =ASN.HDB!H2671 -> 0.0026765415 | M39: =ASN.HDB!H3929 -> 285.02814

Sheet 10°
A1: ='0°'!A1 -> RAOs for Ile de Molene
A3: Direction = 10°
A4: Period | B4: Surge | D4: Sway | F4: Heave | H4: Roll | J4: Pitch | L4: Yaw
B5: Ampl. | C5: Phase | D5: Ampl. | E5: Phase | F5: Ampl. | G5: Phase | H5: Ampl. | I5: Phase | J5: Ampl. | K5: Phase | L5: Ampl. | M5: Phase
A6: (s) | B6: m/m | C6: deg | D6: m/m | E6: deg | F6: m/m | G6: deg | H6: deg/m | I6: deg | J6: deg/m | K6: deg | L6: deg/m | M6: deg
A7: 3 | B7: =ASN.HDB!C2673 -> 0.0054410701 | C7: =ASN.HDB!C3931 -> 297.73941 | D7: =ASN.HDB!D2673 -> 0.0012210021 | E7: =ASN.HDB!D3931 -> 259.60843 | F7: =ASN.HDB!E2673 -> 0.0062585738 | G7: =ASN.HDB!E3931 -> 306.50293 | H7: =ASN.HDB!F2673 -> 0.023688857 | I7: =ASN.HDB!F3931 -> 58.768917 | J7: =ASN.HDB!G2673 -> 0.052138206 | K7: =ASN.HDB!G3931 -> 306.31299 | L7: =ASN.HDB!H2673 -> 0.002638184 | M7: =ASN.HDB!H3931 -> 292.07181
A8: 4 | B8: =ASN.HDB!C2674 -> 0.0096208332 | C8: =ASN.HDB!C3932 -> 326.14401 | D8: =ASN.HDB!D2674 -> 0.0044297962 | E8: =ASN.HDB!D3932 -> 27.96459 | F8: =ASN.HDB!E2674 -> 0.023741649 | G8: =ASN.HDB!E3932 -> 1.414216 | H8: =ASN.HDB!F2674 -> 0.030541847 | I8: =ASN.HDB!F3932 -> 113.85907 | J8: =ASN.HDB!G2674 -> 0.1896354 | K8: =ASN.HDB!G3932 -> 355.25687 | L8: =ASN.HDB!H2674 -> 0.019006798 | M8: =ASN.HDB!H3932 -> 53.174248
A9: 5 | B9: =ASN.HDB!C2675 -> 0.011430471 | C9: =ASN.HDB!C3933 -> 207.2074 | D9: =ASN.HDB!D2675 -> 0.0034064935 | E9: =ASN.HDB!D3933 -> 358.1618 | F9: =ASN.HDB!E2675 -> 0.074395679 | G9: =ASN.HDB!E3933 -> 3.7751215 | H9: =ASN.HDB!F2675 -> 0.050867014 | I9: =ASN.HDB!F3933 -> 191.96165 | J9: =ASN.HDB!G2675 -> 0.54365605 | K9: =ASN.HDB!G3933 -> 8.0881805 | L9: =ASN.HDB!H2675 -> 0.037043266 | M9: =ASN.HDB!H3933 -> 321.69934
A10: 6 | B10: =ASN.HDB!C2676 -> 0.036285713 | C10: =ASN.HDB!C3934 -> 157.20848 | D10: =ASN.HDB!D2676 -> 0.01067061 | E10: =ASN.HDB!D3934 -> 83.202721 | F10: =ASN.HDB!E2676 -> 0.1608029 | G10: =ASN.HDB!E3934 -> 343.043 | H10: =ASN.HDB!F2676 -> 0.2498986 | I10: =ASN.HDB!F3934 -> 172.95572 | J10: =ASN.HDB!G2676 -> 0.94796139 | K10: =ASN.HDB!G3934 -> 343.11938 | L10: =ASN.HDB!H2676 -> 0.039257444 | M10: =ASN.HDB!H3934 -> 9.5265303
A11: 7 | B11: =ASN.HDB!C2677 -> 0.13229358 | C11: =ASN.HDB!C3935 -> 181.78477 | D11: =ASN.HDB!D2677 -> 0.013313401 | E11: =ASN.HDB!D3935 -> 185.95856 | F11: =ASN.HDB!E2677 -> 0.22221309 | G11: =ASN.HDB!E3935 -> 246.32835 | H11: =ASN.HDB!F2677 -> 0.22286396 | I11: =ASN.HDB!F3935 -> 173.79834 | J11: =ASN.HDB!G2677 -> 1.6801864 | K11: =ASN.HDB!G3935 -> 350.70215 | L11: =ASN.HDB!H2677 -> 0.17518604 | M11: =ASN.HDB!H3935 -> 284.59393
A12: 8 | B12: =ASN.HDB!C2678 -> 0.39408427 | C12: =ASN.HDB!C3936 -> 144.08606 | D12: =ASN.HDB!D2678 -> 0.045948811 | E12: =ASN.HDB!D3936 -> 140.94058 | F12: =ASN.HDB!E2678 -> 0.33253285 | G12: =ASN.HDB!E3936 -> 111.45274 | H12: =ASN.HDB!F2678 -> 0.41684288 | I12: =ASN.HDB!F3936 -> 199.43826 | J12: =ASN.HDB!G2678 -> 2.8538907 | K12: =ASN.HDB!G3936 -> 311.01462 | L12: =ASN.HDB!H2678 -> 0.23820692 | M12: =ASN.HDB!H3936 -> 237.85463
A13: 9 | B13: =ASN.HDB!C2679 -> 0.58505881 | C13: =ASN.HDB!C3937 -> 109.43227 | D13: =ASN.HDB!D2679 -> 0.072964467 | E13: =ASN.HDB!D3937 -> 114.93928 | F13: =ASN.HDB!E2679 -> 0.56659073 | G13: =ASN.HDB!E3937 -> 48.260635 | H13: =ASN.HDB!F2679 -> 1.3823618 | I13: =ASN.HDB!F3937 -> 190.32362 | J13: =ASN.HDB!G2679 -> 2.8251143 | K13: =ASN.HDB!G3937 -> 276.65253 | L13: =ASN.HDB!H2679 -> 0.22305475 | M13: =ASN.HDB!H3937 -> 208.39818
A14: 10 | B14: =ASN.HDB!C2680 -> 0.6932711 | C14: =ASN.HDB!C3938 -> 86.673767 | D14: =ASN.HDB!D2680 -> 0.11163782 | E14: =ASN.HDB!D3938 -> 88.477585 | F14: =ASN.HDB!E2680 -> 0.71952158 | G14: =ASN.HDB!E3938 -> 14.889695 | H14: =ASN.HDB!F2680 -> 2.3541496 | I14: =ASN.HDB!F3938 -> 57.873749 | J14: =ASN.HDB!G2680 -> 2.4222105 | K14: =ASN.HDB!G3938 -> 254.8243 | L14: =ASN.HDB!H2680 -> 0.30913207 | M14: =ASN.HDB!H3938 -> 197.74611
A15: 11 | B15: =ASN.HDB!C2681 -> 0.76353329 | C15: =ASN.HDB!C3939 -> 71.050636 | D15: =ASN.HDB!D2681 -> 0.11974214 | E15: =ASN.HDB!D3939 -> 72.701874 | F15: =ASN.HDB!E2681 -> 0.81142521 | G15: =ASN.HDB!E3939 -> 353.60574 | H15: =ASN.HDB!F2681 -> 0.82608712 | I15: =ASN.HDB!F3939 -> 25.037594 | J15: =ASN.HDB!G2681 -> 2.0411162 | K15: =ASN.HDB!G3939 -> 240.42538 | L15: =ASN.HDB!H2681 -> 0.2598981 | M15: =ASN.HDB!H3939 -> 174.55319
A16: 12 | B16: =ASN.HDB!C2682 -> 0.813389 | C16: =ASN.HDB!C3940 -> 59.567688 | D16: =ASN.HDB!D2682 -> 0.13073628 | E16: =ASN.HDB!D3940 -> 61.492149 | F16: =ASN.HDB!E2682 -> 0.86833024 | G16: =ASN.HDB!E3940 -> 338.72604 | H16: =ASN.HDB!F2682 -> 0.49930078 | I16: =ASN.HDB!F3940 -> 20.207037 | J16: =ASN.HDB!G2682 -> 1.7327185 | K16: =ASN.HDB!G3940 -> 230.15977 | L16: =ASN.HDB!H2682 -> 0.22686051 | M16: =ASN.HDB!H3940 -> 163.05592
A17: 13 | B17: =ASN.HDB!C2683 -> 0.84994662 | C17: =ASN.HDB!C3941 -> 50.745876 | D17: =ASN.HDB!D2683 -> 0.1393356 | E17: =ASN.HDB!D3941 -> 52.543468 | F17: =ASN.HDB!E2683 -> 0.90506709 | G17: =ASN.HDB!E3941 -> 327.73911 | H17: =ASN.HDB!F2683 -> 0.35921401 | I17: =ASN.HDB!F3941 -> 17.497469 | J17: =ASN.HDB!G2683 -> 1.486285 | K17: =ASN.HDB!G3941 -> 222.41508 | L17: =ASN.HDB!H2683 -> 0.20046408 | M17: =ASN.HDB!H3941 -> 154.89265
A18: 14 | B18: =ASN.HDB!C2684 -> 0.87721819 | C18: =ASN.HDB!C3942 -> 43.774467 | D18: =ASN.HDB!D2684 -> 0.14586499 | E18: =ASN.HDB!D3942 -> 45.365017 | F18: =ASN.HDB!E2684 -> 0.92973065 | G18: =ASN.HDB!E3942 -> 319.3176 | H18: =ASN.HDB!F2684 -> 0.27959299 | I18: =ASN.HDB!F3942 -> 15.458575 | J18: =ASN.HDB!G2684 -> 1.2874365 | K18: =ASN.HDB!G3942 -> 216.35551 | L18: =ASN.HDB!H2684 -> 0.1781926 | M18: =ASN.HDB!H3942 -> 148.92184
... A39: 35 | B39: =ASN.HDB!C2705 -> 1.1808009 | C39: =ASN.HDB!C3963 -> 8.3515654 | D39: =ASN.HDB!D2705 -> 0.20678967 | E39: =ASN.HDB!D3963 -> 8.644681 | F39: =ASN.HDB!E2705 -> 0.99751133 | G39: =ASN.HDB!E3963 -> 279.24136 | H39: =ASN.HDB!F2705 -> 0.039584674 | I39: =ASN.HDB!F3963 -> 4.0145049 | J39: =ASN.HDB!G2705 -> 0.24921061 | K39: =ASN.HDB!G3963 -> 186.28481 | L39: =ASN.HDB!H2705 -> 0.064592749 | M39: =ASN.HDB!H3963 -> 148.11609

Sheet 20°
A1: ='0°'!A1 -> RAOs for Ile de Molene
A3: Direction = 20°
A4: Period | B4: Surge | D4: Sway | F4: Heave | H4: Roll | J4: Pitch | L4: Yaw
B5: Ampl. | C5: Phase | D5: Ampl. | E5: Phase | F5: Ampl. | G5: Phase | H5: Ampl. | I5: Phase | J5: Ampl. | K5: Phase | L5: Ampl. | M5: Phase
A6: (s) | B6: m/m | C6: deg | D6: m/m | E6: deg | F6: m/m | G6: deg | H6: deg/m | I6: deg | J6: deg/m | K6: deg | L6: deg/m | M6: deg
A7: 3 | B7: =ASN.HDB!C2707 -> 0.0053911591 | C7: =ASN.HDB!C3965 -> 304.00595 | D7: =ASN.HDB!D2707 -> 0.0014405856 | E7: =ASN.HDB!D3965 -> 199.30547 | F7: =ASN.HDB!E2707 -> 0.0049070129 | G7: =ASN.HDB!E3965 -> 305.42593 | H7: =ASN.HDB!F2707 -> 0.046281781 | I7: =ASN.HDB!F3965 -> 66.704979 | J7: =ASN.HDB!G2707 -> 0.041066419 | K7: =ASN.HDB!G3965 -> 303.75662 | L7: =ASN.HDB!H2707 -> 0.0061968346 | M7: =ASN.HDB!H3965 -> 122.16402
A8: 4 | B8: =ASN.HDB!C2708 -> 0.0072261295 | C8: =ASN.HDB!C3966 -> 321.80688 | D8: =ASN.HDB!D2708 -> 0.0081220409 | E8: =ASN.HDB!D3966 -> 346.24667 | F8: =ASN.HDB!E2708 -> 0.024493838 | G8: =ASN.HDB!E3966 -> 1.0590112 | H8: =ASN.HDB!F2708 -> 0.042776551 | I8: =ASN.HDB!F3966 -> 141.68275 | J8: =ASN.HDB!G2708 -> 0.17890301 | K8: =ASN.HDB!G3966 -> 355.90475 | L8: =ASN.HDB!H2708 -> 0.02900503 | M8: =ASN.HDB!H3966 -> 0.39737791
A9: 5 | B9: =ASN.HDB!C2709 -> 0.0083709257 | C9: =ASN.HDB!C3967 -> 183.45244 | D9: =ASN.HDB!D2709 -> 0.0042266389 | E9: =ASN.HDB!D3967 -> 319.96567 | F9: =ASN.HDB!E2709 -> 0.069834873 | G9: =ASN.HDB!E3967 -> 3.3377063 | H9: =ASN.HDB!F2709 -> 0.1370202 | I9: =ASN.HDB!F3967 -> 204.6869 | J9: =ASN.HDB!G2709 -> 0.55307776 | K9: =ASN.HDB!G3967 -> 6.3288283 | L9: =ASN.HDB!H2709 -> 0.073549181 | M9: =ASN.HDB!H3967 -> 296.58014
A10: 6 | B10: =ASN.HDB!C2710 -> 0.034859665 | C10: =ASN.HDB!C3968 -> 174.97546 | D10: =ASN.HDB!D2710 -> 0.018710522 | E10: =ASN.HDB!D3968 -> 72.046303 | F10: =ASN.HDB!E2710 -> 0.17847116 | G10: =ASN.HDB!E3968 -> 337.88681 | H10: =ASN.HDB!F2710 -> 0.4583267 | I10: =ASN.HDB!F3968 -> 167.5331 | J10: =ASN.HDB!G2710 -> 0.9070825 | K10: =ASN.HDB!G3968 -> 347.90164 | L10: =ASN.HDB!H2710 -> 0.10352425 | M10: =ASN.HDB!H3968 -> 351.70367
A11: 7 | B11: =ASN.HDB!C2711 -> 0.15789741 | C11: =ASN.HDB!C3969 -> 177.67793 | D11: =ASN.HDB!D2711 -> 0.034039102 | E11: =ASN.HDB!D3969 -> 176.2919 | F11: =ASN.HDB!E2711 -> 0.21311685 | G11: =ASN.HDB!E3969 -> 229.01736 | H11: =ASN.HDB!F2711 -> 0.42618561 | I11: =ASN.HDB!F3969 -> 177.52806 | J11: =ASN.HDB!G2711 -> 1.9011378 | K11: =ASN.HDB!G3969 -> 347.25348 | L11: =ASN.HDB!H2711 -> 0.36090103 | M11: =ASN.HDB!H3969 -> 275.2767
A12: 8 | B12: =ASN.HDB!C2712 -> 0.41187018 | C12: =ASN.HDB!C3970 -> 138.25931 | D12: =ASN.HDB!D2712 -> 0.098691329 | E12: =ASN.HDB!D3970 -> 134.27211 | F12: =ASN.HDB!E2712 -> 0.36929184 | G12: =ASN.HDB!E3970 -> 98.574493 | H12: =ASN.HDB!F2712 -> 0.86690646 | I12: =ASN.HDB!F3970 -> 197.97844 | J12: =ASN.HDB!G2712 -> 2.9338672 | K12: =ASN.HDB!G3970 -> 305.59262 | L12: =ASN.HDB!H2712 -> 0.46828964 | M12: =ASN.HDB!H3970 -> 231.02901
A13: 9 | B13: =ASN.HDB!C2713 -> 0.58565146 | C13: =ASN.HDB!C3971 -> 104.66959 | D13: =ASN.HDB!D2713 -> 0.15242243 | E13: =ASN.HDB!D3971 -> 109.6087 | F13: =ASN.HDB!E2713 -> 0.60313761 | G13: =ASN.HDB!E3971 -> 41.061615 | H13: =ASN.HDB!F2713 -> 2.6424022 | I13: =ASN.HDB!F3971 -> 179.70976 | J13: =ASN.HDB!G2713 -> 2.8008449 | K13: =ASN.HDB!G3971 -> 272.14203 | L13: =ASN.HDB!H2713 -> 0.43501133 | M13: =ASN.HDB!H3971 -> 204.43198
A14: 10 | B14: =ASN.HDB!C2714 -> 0.68108833 | C14: =ASN.HDB!C3972 -> 82.796333 | D14: =ASN.HDB!D2714 -> 0.22133268 | E14: =ASN.HDB!D3972 -> 85.9963 | F14: =ASN.HDB!E2714 -> 0.74626589 | G14: =ASN.HDB!E3972 -> 9.7661228 | H14: =ASN.HDB!F2714 -> 3.8761249 | I14: =ASN.HDB!F3972 -> 69.436447 | J14: =ASN.HDB!G2714 -> 2.3643453 | K14: =ASN.HDB!G3972 -> 251.15555 | L14: =ASN.HDB!H2714 -> 0.55031961 | M14: =ASN.HDB!H3972 -> 194.5076
A15: 11 | B15: =ASN.HDB!C2715 -> 0.74268782 | C15: =ASN.HDB!C3973 -> 67.836418 | D15: =ASN.HDB!D2715 -> 0.24068305 | E15: =ASN.HDB!D3973 -> 69.505005 | F15: =ASN.HDB!E2715 -> 0.83034557 | G15: =ASN.HDB!E3973 -> 349.62674 | H15: =ASN.HDB!F2715 -> 1.6338537 | I15: =ASN.HDB!F3973 -> 26.918177 | J15: =ASN.HDB!G2715 -> 1.9765981 | K15: =ASN.HDB!G3973 -> 237.39021 | L15: =ASN.HDB!H2715 -> 0.49399304 | M15: =ASN.HDB!H3973 -> 171.96191
A16: 12 | B16: =ASN.HDB!C2716 -> 0.78651154 | C16: =ASN.HDB!C3974 -> 56.859833 | D16: =ASN.HDB!D2716 -> 0.26101229 | E16: =ASN.HDB!D3974 -> 58.707691 | F16: =ASN.HDB!E2716 -> 0.8818751 | G16: =ASN.HDB!E3974 -> 335.49869 | H16: =ASN.HDB!F2716 -> 0.98924977 | I16: =ASN.HDB!F3974 -> 20.225981 | J16: =ASN.HDB!G2716 -> 1.670261 | K16: =ASN.HDB!G3974 -> 227.60226 | L16: =ASN.HDB!H2716 -> 0.43078926 | M16: =ASN.HDB!H3974 -> 160.79367
A17: 13 | B17: =ASN.HDB!C2717 -> 0.81877178 | C17: =ASN.HDB!C3975 -> 48.433861 | D17: =ASN.HDB!D2717 -> 0.27707094 | E17: =ASN.HDB!D3975 -> 50.156124 | F17: =ASN.HDB!E2717 -> 0.91496772 | G17: =ASN.HDB!E3975 -> 325.04883 | H17: =ASN.HDB!F2717 -> 0.71098083 | I17: =ASN.HDB!F3975 -> 17.12546 | J17: =ASN.HDB!G2717 -> 1.4285903 | K17: =ASN.HDB!G3975 -> 220.22708 | L17: =ASN.HDB!H2717 -> 0.38010278 | M17: =ASN.HDB!H3975 -> 153.05821
A18: 14 | B18: =ASN.HDB!C2718 -> 0.84293091 | C18: =ASN.HDB!C3976 -> 41.777832 | D18: =ASN.HDB!D2718 -> 0.2893056 | E18: =ASN.HDB!D3976 -> 43.304276 | F18: =ASN.HDB!E2718 -> 0.93712616 | G18: =ASN.HDB!E3976 -> 317.03094 | H18: =ASN.HDB!F2718 -> 0.55295449 | I18: =ASN.HDB!F3976 -> 14.975395 | J18: =ASN.HDB!G2718 -> 1.2351048 | K18: =ASN.HDB!G3976 -> 214.45963 | L18: =ASN.HDB!H2718 -> 0.33763066 | M18: =ASN.HDB!H3976 -> 147.47076
... A39: 35 | B39: =ASN.HDB!C2739 -> 1.1269963 | C39: =ASN.HDB!C3997 -> 7.9580145 | D39: =ASN.HDB!D2739 -> 0.40736333 | E39: =ASN.HDB!D3997 -> 8.2996054 | F39: =ASN.HDB!E2739 -> 0.99779034 | G39: =ASN.HDB!E3997 -> 278.8179 | H39: =ASN.HDB!F2739 -> 0.078093834 | I39: =ASN.HDB!F3997 -> 3.6006711 | J39: =ASN.HDB!G2739 -> 0.23784745 | K39: =ASN.HDB!G3997 -> 185.88194 | L39: =ASN.HDB!H2739 -> 0.12652831 | M39: =ASN.HDB!H3997 -> 148.27589

Sheet 30°
A1: ='0°'!A1 -> RAOs for Ile de Molene
A3: Direction = 30°
A4: Period | B4: Surge | D4: Sway | F4: Heave | H4: Roll | J4: Pitch | L4: Yaw
B5: Ampl. | C5: Phase | D5: Ampl. | E5: Phase | F5: Ampl. | G5: Phase | H5: Ampl. | I5: Phase | J5: Ampl. | K5: Phase | L5: Ampl. | M5: Phase
A6: (s) | B6: m/m | C6: deg | D6: m/m | E6: deg | F6: m/m | G6: deg | H6: deg/m | I6: deg | J6: deg/m | K6: deg | L6: deg/m | M6: deg
A7: 3 | B7: =ASN.HDB!C2741 -> 0.0039519472 | C7: =ASN.HDB!C3999 -> 298.33939 | D7: =ASN.HDB!D2741 -> 0.0014078292 | E7: =ASN.HDB!D3999 -> 316.59021 | F7: =ASN.HDB!E2741 -> 0.0033670575 | G7: =ASN.HDB!E3999 -> 298.97495 | H7: =ASN.HDB!F2741 -> 0.05777093 | I7: =ASN.HDB!F3999 -> 56.546352 | J7: =ASN.HDB!G2741 -> 0.027262954 | K7: =ASN.HDB!G3999 -> 295.81964 | L7: =ASN.HDB!H2741 -> 0.0099270791 | M7: =ASN.HDB!H3999 -> 28.253862
A8: 4 | B8: =ASN.HDB!C2742 -> 0.0048147193 | C8: =ASN.HDB!C4000 -> 352.24179 | D8: =ASN.HDB!D2742 -> 0.0088149691 | E8: =ASN.HDB!D4000 -> 272.16107 | F8: =ASN.HDB!E2742 -> 0.024643317 | G8: =ASN.HDB!E4000 -> 355.92117 | H8: =ASN.HDB!F2742 -> 0.1189275 | I8: =ASN.HDB!F4000 -> 168.73105 | J8: =ASN.HDB!G2742 -> 0.17108656 | K8: =ASN.HDB!G4000 -> 356.46445 | L8: =ASN.HDB!H2742 -> 0.040229239 | M8: =ASN.HDB!H4000 -> 263.25006
A9: 5 | B9: =ASN.HDB!C2743 -> 0.0037355842 | C9: =ASN.HDB!C4001 -> 105.95259 | D9: =ASN.HDB!D2743 -> 0.0056491084 | E9: =ASN.HDB!D4001 -> 202.50194 | F9: =ASN.HDB!E2743 -> 0.065527663 | G9: =ASN.HDB!E4001 -> 7.1307521 | H9: =ASN.HDB!F2743 -> 0.30870157 | I9: =ASN.HDB!F4001 -> 200.57628 | J9: =ASN.HDB!G2743 -> 0.54969907 | K9: =ASN.HDB!G4001 -> 1.5796893 | L9: =ASN.HDB!H2743 -> 0.10010248 | M9: =ASN.HDB!H4001 -> 258.53574
A10: 6 | B10: =ASN.HDB!C2744 -> 0.047494229 | C10: =ASN.HDB!C4002 -> 194.32782 | D10: =ASN.HDB!D2744 -> 0.018785376 | E10: =ASN.HDB!D4002 -> 57.721828 | F10: =ASN.HDB!E2744 -> 0.19613941 | G10: =ASN.HDB!E4002 -> 326.17279 | H10: =ASN.HDB!F2744 -> 0.57489187 | I10: =ASN.HDB!F4002 -> 161.57103 | J10: =ASN.HDB!G2744 -> 0.94456333 | K10: =ASN.HDB!G4002 -> 357.75342 | L10: =ASN.HDB!H2744 -> 0.2166 | M10: =ASN.HDB!H4002 -> 326.12289
A11: 7 | B11: =ASN.HDB!C2745 -> 0.19623874 | C11: =ASN.HDB!C4003 -> 169.01231 | D11: =ASN.HDB!D2745 -> 0.069890551 | E11: =ASN.HDB!D4003 -> 160.95163 | F11: =ASN.HDB!E2745 -> 0.20464733 | G11: =ASN.HDB!E4003 -> 196.4408 | H11: =ASN.HDB!F2745 -> 0.63313723 | I11: =ASN.HDB!F4003 -> 183.75226 | J11: =ASN.HDB!G2745 -> 2.2402823 | K11: =ASN.HDB!G4003 -> 339.72833 | L11: =ASN.HDB!H2745 -> 0.55795854 | M11: =ASN.HDB!H4003 -> 260.04584
A12: 8 | B12: =ASN.HDB!C2746 -> 0.43366048 | C12: =ASN.HDB!C4004 -> 128.71417 | D12: =ASN.HDB!D2746 -> 0.16393742 | E12: =ASN.HDB!D4004 -> 123.35814 | F12: =ASN.HDB!E2746 -> 0.43772778 | G12: =ASN.HDB!E4004 -> 79.544502 | H12: =ASN.HDB!F2746 -> 1.3752223 | I12: =ASN.HDB!F4004 -> 195.03371 | J12: =ASN.HDB!G2746 -> 3.0225987 | K12: =ASN.HDB!G4004 -> 296.57077 | L12: =ASN.HDB!H2746 -> 0.67542797 | M12: =ASN.HDB!H4004 -> 219.8011
A13: 9 | B13: =ASN.HDB!C2747 -> 0.58003634 | C13: =ASN.HDB!C4005 -> 96.890259 | D13: =ASN.HDB!D2747 -> 0.24088335 | E13: =ASN.HDB!D4005 -> 100.80827 | F13: =ASN.HDB!E2747 -> 0.66307235 | G13: =ASN.HDB!E4005 -> 29.745403 | H13: =ASN.HDB!F2747 -> 3.7223001 | I13: =ASN.HDB!F4005 -> 168.99254 | J13: =ASN.HDB!G2747 -> 2.7361262 | K13: =ASN.HDB!G4005 -> 264.70428 | L13: =ASN.HDB!H2747 -> 0.61506563 | M13: =ASN.HDB!H4005 -> 196.62679
A14: 10 | B14: =ASN.HDB!C2748 -> 0.65610099 | C14: =ASN.HDB!C4006 -> 76.461441 | D14: =ASN.HDB!D2748 -> 0.33226591 | E14: =ASN.HDB!D4006 -> 80.022026 | F14: =ASN.HDB!E2748 -> 0.78878278 | G14: =ASN.HDB!E4006 -> 1.5414361 | H14: =ASN.HDB!F2748 -> 5.0405192 | I14: =ASN.HDB!F4006 -> 73.522972 | J14: =ASN.HDB!G2748 -> 2.2561495 | K14: =ASN.HDB!G4006 -> 245.11133 | L14: =ASN.HDB!H2748 -> 0.73037869 | M14: =ASN.HDB!H4006 -> 188.33215
A15: 11 | B15: =ASN.HDB!C2749 -> 0.70479947 | C15: =ASN.HDB!C4007 -> 62.585197 | D15: =ASN.HDB!D2749 -> 0.36261711 | E15: =ASN.HDB!D4007 -> 64.200584 | F15: =ASN.HDB!E2749 -> 0.86001348 | G15: =ASN.HDB!E4007 -> 343.18857 | H15: =ASN.HDB!F2749 -> 2.396699 | I15: =ASN.HDB!F4007 -> 27.828747 | J15: =ASN.HDB!G2749 -> 1.8634591 | K15: =ASN.HDB!G4007 -> 232.39046 | L15: =ASN.HDB!H2749 -> 0.67790395 | M15: =ASN.HDB!H4007 -> 167.58307
A16: 12 | B16: =ASN.HDB!C2750 -> 0.73971647 | C16: =ASN.HDB!C4008 -> 52.436424 | D16: =ASN.HDB!D2750 -> 0.38955417 | E16: =ASN.HDB!D4008 -> 54.134365 | F16: =ASN.HDB!E2750 -> 0.90295208 | G16: =ASN.HDB!E4008 -> 330.25751 | H16: =ASN.HDB!F2750 -> 1.4550053 | I16: =ASN.HDB!F4008 -> 19.53599 | J16: =ASN.HDB!G2750 -> 1.5636235 | K16: =ASN.HDB!G4008 -> 223.38918 | L16: =ASN.HDB!H2750 -> 0.58985549 | M16: =ASN.HDB!H4008 -> 157.0936
A17: 13 | B17: =ASN.HDB!C2751 -> 0.76565886 | C17: =ASN.HDB!C4009 -> 44.657768 | D17: =ASN.HDB!D2751 -> 0.41107187 | E17: =ASN.HDB!D4009 -> 46.235886 | F17: =ASN.HDB!E2751 -> 0.93030322 | G17: =ASN.HDB!E4009 -> 320.67145 | H17: =ASN.HDB!F2751 -> 1.0442944 | I17: =ASN.HDB!F4009 -> 16.175785 | J17: =ASN.HDB!G2751 -> 1.3314903 | K17: =ASN.HDB!G4009 -> 216.62202 | L17: =ASN.HDB!H2751 -> 0.51910532 | M17: =ASN.HDB!H4009 -> 150.08746
A18: 14 | B18: =ASN.HDB!C2752 -> 0.7852459 | C18: =ASN.HDB!C4010 -> 38.517254 | D18: =ASN.HDB!D2752 -> 0.42754409 | E18: =ASN.HDB!D4010 -> 39.917244 | F18: =ASN.HDB!E2752 -> 0.94854236 | G18: =ASN.HDB!E4010 -> 313.30624 | H18: =ASN.HDB!F2752 -> 0.81139445 | I18: =ASN.HDB!F4010 -> 14.01488 | J18: =ASN.HDB!G2752 -> 1.1477923 | K18: =ASN.HDB!G4010 -> 211.33519 | L18: =ASN.HDB!H2752 -> 0.46046486 | M18: =ASN.HDB!H4010 -> 145.14355
... A39: 35 | B39: =ASN.HDB!C2773 -> 1.0390576 | C39: =ASN.HDB!C4031 -> 7.314198 | D39: =ASN.HDB!D2773 -> 0.59575152 | E39: =ASN.HDB!D4031 -> 7.6654067 | F39: =ASN.HDB!E2773 -> 0.99821907 | G39: =ASN.HDB!E4031 -> 278.12643 | H39: =ASN.HDB!F2773 -> 0.11423544 | I39: =ASN.HDB!F4031 -> 3.2455409 | J39: =ASN.HDB!G2773 -> 0.21927942 | K39: =ASN.HDB!G4031 -> 185.21048 | L39: =ASN.HDB!H2773 -> 0.17977925 | M39: =ASN.HDB!H4031 -> 149.7032

Sheet 40°
A1: ='0°'!A1 -> RAOs for Ile de Molene
A3: Direction = 40°
A4: Period | B4: Surge | D4: Sway | F4: Heave | H4: Roll | J4: Pitch | L4: Yaw
B5: Ampl. | C5: Phase | D5: Ampl. | E5: Phase | F5: Ampl. | G5: Phase | H5: Ampl. | I5: Phase | J5: Ampl. | K5: Phase | L5: Ampl. | M5: Phase
A6: (s) | B6: m/m | C6: deg | D6: m/m | E6: deg | F6: m/m | G6: deg | H6: deg/m | I6: deg | J6: deg/m | K6: deg | L6: deg/m | M6: deg
A7: 3 | B7: =ASN.HDB!C2775 -> 0.0034327665 | C7: =ASN.HDB!C4033 -> 314.85507 | D7: =ASN.HDB!D2775 -> 0.0010185331 | E7: =ASN.HDB!D4033 -> 224.03777 | F7: =ASN.HDB!E2775 -> 0.0021323594 | G7: =ASN.HDB!E4033 -> 279.52344 | H7: =ASN.HDB!F2775 -> 0.061158277 | I7: =ASN.HDB!F4033 -> 68.295517 | J7: =ASN.HDB!G2775 -> 0.016588336 | K7: =ASN.HDB!G4033 -> 263.56198 | L7: =ASN.HDB!H2775 -> 0.015615494 | M7: =ASN.HDB!H4033 -> 100.13186
A8: 4 | B8: =ASN.HDB!C2776 -> 0.007380221 | C8: =ASN.HDB!C4034 -> 3.8279626 | D8: =ASN.HDB!D2776 -> 0.0096757226 | E8: =ASN.HDB!D4034 -> 137.02982 | F8: =ASN.HDB!E2776 -> 0.02288112 | G8: =ASN.HDB!E4034 -> 345.95276 | H8: =ASN.HDB!F2776 -> 0.22768219 | I8: =ASN.HDB!F4034 -> 142.53284 | J8: =ASN.HDB!G2776 -> 0.16961156 | K8: =ASN.HDB!G4034 -> 352.74756 | L8: =ASN.HDB!H2776 -> 0.054733709 | M8: =ASN.HDB!H4034 -> 162.72215
A9: 5 | B9: =ASN.HDB!C2777 -> 0.0091402354 | C9: =ASN.HDB!C4035 -> 339.31357 | D9: =ASN.HDB!D2777 -> 0.018881975 | E9: =ASN.HDB!D4035 -> 130.37988 | F9: =ASN.HDB!E2777 -> 0.072878376 | G9: =ASN.HDB!E4035 -> 11.66109 | H9: =ASN.HDB!F2777 -> 0.52075219 | I9: =ASN.HDB!F4035 -> 180.81032 | J9: =ASN.HDB!G2777 -> 0.49222487 | K9: =ASN.HDB!G4035 -> 356.16754 | L9: =ASN.HDB!H2777 -> 0.083638974 | M9: =ASN.HDB!H4035 -> 213.69966
A10: 6 | B10: =ASN.HDB!C2778 -> 0.074939609 | C10: =ASN.HDB!C4036 -> 192.88873 | D10: =ASN.HDB!D2778 -> 0.0082771135 | E10: =ASN.HDB!D4036 -> 110.77662 | F10: =ASN.HDB!E2778 -> 0.18966043 | G10: =ASN.HDB!E4036 -> 305.97195 | H10: =ASN.HDB!F2778 -> 0.58329052 | I10: =ASN.HDB!F4036 -> 161.58536 | J10: =ASN.HDB!G2778 -> 1.2073742 | K10: =ASN.HDB!G4036 -> 4.1848907 | L10: =ASN.HDB!H2778 -> 0.39004284 | M10: =ASN.HDB!H4036 -> 294.37778
A11: 7 | B11: =ASN.HDB!C2779 -> 0.23828094 | C11: =ASN.HDB!C4037 -> 155.42722 | D11: =ASN.HDB!D2779 -> 0.1280136 | E11: =ASN.HDB!D4037 -> 140.51254 | F11: =ASN.HDB!E2779 -> 0.2298526 | G11: =ASN.HDB!E4037 -> 147.41887 | H11: =ASN.HDB!F2779 -> 0.90458143 | I11: =ASN.HDB!F4037 -> 188.08923 | J11: =ASN.HDB!G2779 -> 2.6248741 | K11: =ASN.HDB!G4037 -> 327.20041 | L11: =ASN.HDB!H2779 -> 0.74866438 | M11: =ASN.HDB!H4037 -> 239.37482
A12: 8 | B12: =ASN.HDB!C2780 -> 0.44811645 | C12: =ASN.HDB!C4038 -> 115.7264 | D12: =ASN.HDB!D2780 -> 0.24490705 | E12: =ASN.HDB!D4038 -> 108.47161 | F12: =ASN.HDB!E2780 -> 0.54194826 | G12: =ASN.HDB!E4038 -> 56.719582 | H12: =ASN.HDB!F2780 -> 1.926707 | I12: =ASN.HDB!F4038 -> 189.73137 | J12: =ASN.HDB!G2780 -> 3.0569162 | K12: =ASN.HDB!G4038 -> 284.01566 | L12: =ASN.HDB!H2780 -> 0.83430207 | M12: =ASN.HDB!H4038 -> 204.48672
A13: 9 | B13: =ASN.HDB!C2781 -> 0.5594939 | C13: =ASN.HDB!C4039 -> 86.325401 | D13: =ASN.HDB!D2781 -> 0.3375344 | E13: =ASN.HDB!D4039 -> 88.922195 | F13: =ASN.HDB!E2781 -> 0.74343723 | G13: =ASN.HDB!E4039 -> 15.07066 | H13: =ASN.HDB!F2781 -> 4.6455402 | I13: =ASN.HDB!F4039 -> 159.58784 | J13: =ASN.HDB!G2781 -> 2.5997262 | K13: =ASN.HDB!G4039 -> 254.44305 | L13: =ASN.HDB!H2781 -> 0.73222518 | M13: =ASN.HDB!H4039 -> 185.23317
A14: 10 | B14: =ASN.HDB!C2782 -> 0.61243397 | C14: =ASN.HDB!C4040 -> 67.855156 | D14: =ASN.HDB!D2782 -> 0.44382674 | E14: =ASN.HDB!D4040 -> 71.343407 | F14: =ASN.HDB!E2782 -> 0.84363776 | G14: =ASN.HDB!E4040 -> 350.61359 | H14: =ASN.HDB!F2782 -> 5.9340668 | I14: =ASN.HDB!F4040 -> 74.458389 | J14: =ASN.HDB!G2782 -> 2.083406 | K14: =ASN.HDB!G4040 -> 236.77861 | L14: =ASN.HDB!H2782 -> 0.82968426 | M14: =ASN.HDB!H4040 -> 180.23271
A15: 11 | B15: =ASN.HDB!C2783 -> 0.64612126 | C15: =ASN.HDB!C4041 -> 55.452198 | D15: =ASN.HDB!D2783 -> 0.48321855 | E15: =ASN.HDB!D4041 -> 56.927376 | F15: =ASN.HDB!E2783 -> 0.8975876 | G15: =ASN.HDB!E4041 -> 334.55188 | H15: =ASN.HDB!F2783 -> 3.0882845 | I15: =ASN.HDB!F4041 -> 27.565954 | J15: =ASN.HDB!G2783 -> 1.6953498 | K15: =ASN.HDB!G4041 -> 225.49741 | L15: =ASN.HDB!H2783 -> 0.78970021 | M15: =ASN.HDB!H4041 -> 161.76053
A16: 12 | B16: =ASN.HDB!C2784 -> 0.67077923 | C16: =ASN.HDB!C4042 -> 46.429909 | D16: =ASN.HDB!D2784 -> 0.51355118 | E16: =ASN.HDB!D4042 -> 47.909424 | F16: =ASN.HDB!E2784 -> 0.92937285 | G16: =ASN.HDB!E4042 -> 323.19452 | H16: =ASN.HDB!F2784 -> 1.8813132 | I16: =ASN.HDB!F4042 -> 18.223795 | J16: =ASN.HDB!G2784 -> 1.4102771 | K16: =ASN.HDB!G4042 -> 217.57961 | L16: =ASN.HDB!H2784 -> 0.68533653 | M16: =ASN.HDB!H4042 -> 152.30011
A17: 13 | B17: =ASN.HDB!C2785 -> 0.68947029 | C17: =ASN.HDB!C4043 -> 39.531464 | D17: =ASN.HDB!D2785 -> 0.53807044 | E17: =ASN.HDB!D4043 -> 40.90543 | F17: =ASN.HDB!E2785 -> 0.94940704 | G17: =ASN.HDB!E4043 -> 314.7576 | H17: =ASN.HDB!F2785 -> 1.3488197 | I17: =ASN.HDB!F4043 -> 14.723527 | J17: =ASN.HDB!G2785 -> 1.1943647 | K17: =ASN.HDB!G4043 -> 211.64836 | L17: =ASN.HDB!H2785 -> 0.60145098 | M17: =ASN.HDB!H4043 -> 146.31754
A18: 14 | B18: =ASN.HDB!C2786 -> 0.70381504 | C18: =ASN.HDB!C4044 -> 34.091602 | D18: =ASN.HDB!D2786 -> 0.55698526 | E18: =ASN.HDB!D4044 -> 35.312115 | F18: =ASN.HDB!E2786 -> 0.96270353 | G18: =ASN.HDB!E4044 -> 308.26685 | H18: =ASN.HDB!F2786 -> 1.0469626 | I18: =ASN.HDB!F4044 -> 12.624355 | J18: =ASN.HDB!G2786 -> 1.0258679 | K18: =ASN.HDB!G4044 -> 207.02168 | L18: =ASN.HDB!H2786 -> 0.53286201 | M18: =ASN.HDB!H4044 -> 142.27815
... A39: 35 | B39: =ASN.HDB!C2807 -> 0.9195509 | C39: =ASN.HDB!C4065 -> 6.4369769 | D39: =ASN.HDB!D2807 -> 0.76624465 | E39: =ASN.HDB!D4065 -> 6.785861 | F39: =ASN.HDB!E2807 -> 0.9987433 | G39: =ASN.HDB!E4065 -> 277.18808 | H39: =ASN.HDB!F2807 -> 0.14692807 | I39: =ASN.HDB!F4065 -> 2.8534594 | J39: =ASN.HDB!G2807 -> 0.1940559 | K39: =ASN.HDB!G4065 -> 184.2661 | L39: =ASN.HDB!H2807 -> 0.22169113 | M39: =ASN.HDB!H4065 -> 152.09088

Sheet 50°
A1: ='0°'!A1 -> RAOs for Ile de Molene
A3: Direction = 50°
A4: Period | B4: Surge | D4: Sway | F4: Heave | H4: Roll | J4: Pitch | L4: Yaw
B5: Ampl. | C5: Phase | D5: Ampl. | E5: Phase | F5: Ampl. | G5: Phase | H5: Ampl. | I5: Phase | J5: Ampl. | K5: Phase | L5: Ampl. | M5: Phase
A6: (s) | B6: m/m | C6: deg | D6: m/m | E6: deg | F6: m/m | G6: deg | H6: deg/m | I6: deg | J6: deg/m | K6: deg | L6: deg/m | M6: deg
A7: 3 | B7: =ASN.HDB!C2809 -> 0.0021234762 | C7: =ASN.HDB!C4067 -> 346.164 | D7: =ASN.HDB!D2809 -> 0.0042641875 | E7: =ASN.HDB!D4067 -> 233.01091 | F7: =ASN.HDB!E2809 -> 0.0023645191 | G7: =ASN.HDB!E4067 -> 229.55833 | H7: =ASN.HDB!F2809 -> 0.045956597 | I7: =ASN.HDB!F4067 -> 52.225197 | J7: =ASN.HDB!G2809 -> 0.0181135 | K7: =ASN.HDB!G4067 -> 231.13432 | L7: =ASN.HDB!H2809 -> 0.0055885911 | M7: =ASN.HDB!H4067 -> 207.33003
A8: 4 | B8: =ASN.HDB!C2810 -> 0.0064317822 | C8: =ASN.HDB!C4068 -> 9.7608242 | D8: =ASN.HDB!D2810 -> 0.016421666 | E8: =ASN.HDB!D4068 -> 19.347773 | F8: =ASN.HDB!E2810 -> 0.017309481 | G8: =ASN.HDB!E4068 -> 331.92908 | H8: =ASN.HDB!F2810 -> 0.17519282 | I8: =ASN.HDB!F4068 -> 120.00849 | J8: =ASN.HDB!G2810 -> 0.17393841 | K8: =ASN.HDB!G4068 -> 340.35696 | L8: =ASN.HDB!H2810 -> 0.031310178 | M8: =ASN.HDB!H4068 -> 354.30832
A9: 5 | B9: =ASN.HDB!C2811 -> 0.018693725 | C9: =ASN.HDB!C4069 -> 270.21881 | D9: =ASN.HDB!D2811 -> 0.031419206 | E9: =ASN.HDB!D4069 -> 83.988228 | F9: =ASN.HDB!E2811 -> 0.085545085 | G9: =ASN.HDB!E4069 -> 0.30945912 | H9: =ASN.HDB!F2811 -> 0.6082232 | I9: =ASN.HDB!F4069 -> 154.92213 | J9: =ASN.HDB!G2811 -> 0.42461392 | K9: =ASN.HDB!G4069 -> 4.0129128 | L9: =ASN.HDB!H2811 -> 0.04152894 | M9: =ASN.HDB!H4069 -> 302.46524
A10: 6 | B10: =ASN.HDB!C2812 -> 0.10275458 | C10: =ASN.HDB!C4070 -> 176.40765 | D10: =ASN.HDB!D2812 -> 0.05402891 | E10: =ASN.HDB!D4070 -> 145.75104 | F10: =ASN.HDB!E2812 -> 0.1257005 | G10: =ASN.HDB!E4070 -> 273.31778 | H10: =ASN.HDB!F2812 -> 0.62525123 | I10: =ASN.HDB!F4070 -> 173.18279 | J10: =ASN.HDB!G2812 -> 1.6691059 | K10: =ASN.HDB!G4070 -> 356.75397 | L10: =ASN.HDB!H2812 -> 0.60197246 | M10: =ASN.HDB!H4070 -> 257.30579
A11: 7 | B11: =ASN.HDB!C2813 -> 0.26985073 | C11: =ASN.HDB!C4071 -> 137.59793 | D11: =ASN.HDB!D2813 -> 0.21205074 | E11: =ASN.HDB!D4071 -> 115.65515 | F11: =ASN.HDB!E2813 -> 0.33864942 | G11: =ASN.HDB!E4071 -> 95.930901 | H11: =ASN.HDB!F2813 -> 1.2438573 | I11: =ASN.HDB!F4071 -> 185.94035 | J11: =ASN.HDB!G2813 -> 2.9302192 | K11: =ASN.HDB!G4071 -> 309.60703 | L11: =ASN.HDB!H2813 -> 0.89216787 | M11: =ASN.HDB!H4071 -> 213.91287
A12: 8 | B12: =ASN.HDB!C2814 -> 0.44136083 | C12: =ASN.HDB!C4072 -> 99.712234 | D12: =ASN.HDB!D2814 -> 0.34037441 | E12: =ASN.HDB!D4072 -> 90.04734 | F12: =ASN.HDB!E2814 -> 0.67919737 | G12: =ASN.HDB!E4072 -> 31.687016 | H12: =ASN.HDB!F2814 -> 2.4477468 | I12: =ASN.HDB!F4072 -> 182.28647 | J12: =ASN.HDB!G2814 -> 2.9610455 | K12: =ASN.HDB!G4072 -> 268.03412 | L12: =ASN.HDB!H2814 -> 0.91095304 | M12: =ASN.HDB!H4072 -> 185.47746
A13: 9 | B13: =ASN.HDB!C2815 -> 0.51449424 | C13: =ASN.HDB!C4073 -> 73.28791 | D13: =ASN.HDB!D2815 -> 0.43860069 | E13: =ASN.HDB!D4073 -> 74.302002 | F13: =ASN.HDB!E2815 -> 0.83809721 | G13: =ASN.HDB!E4073 -> 357.76816 | H13: =ASN.HDB!F2815 -> 5.3675823 | I13: =ASN.HDB!F4073 -> 150.88356 | J13: =ASN.HDB!G2815 -> 2.3589191 | K13: =ASN.HDB!G4073 -> 241.44994 | L13: =ASN.HDB!H2815 -> 0.75885206 | M13: =ASN.HDB!H4073 -> 170.786
A14: 10 | B14: =ASN.HDB!C2816 -> 0.54418766 | C14: =ASN.HDB!C4074 -> 57.227295 | D14: =ASN.HDB!D2816 -> 0.55183554 | E14: =ASN.HDB!D4074 -> 60.352608 | F14: =ASN.HDB!E2816 -> 0.90560478 | G14: =ASN.HDB!E4074 -> 337.43454 | H14: =ASN.HDB!F2816 -> 6.5888624 | I14: =ASN.HDB!F4074 -> 73.495941 | J14: =ASN.HDB!G2816 -> 1.8327736 | K14: =ASN.HDB!G4074 -> 226.22363 | L14: =ASN.HDB!H2816 -> 0.83050627 | M14: =ASN.HDB!H4074 -> 170.95932
A15: 11 | B15: =ASN.HDB!C2817 -> 0.56324011 | C15: =ASN.HDB!C4075 -> 46.64661 | D15: =ASN.HDB!D2817 -> 0.59770185 | E15: =ASN.HDB!D4075 -> 47.904396 | F15: =ASN.HDB!E2817 -> 0.93914551 | G15: =ASN.HDB!E4075 -> 324.03745 | H15: =ASN.HDB!F2817 -> 3.6762915 | I15: =ASN.HDB!F4075 -> 26.562965 | J15: =ASN.HDB!G2817 -> 1.4672511 | K15: =ASN.HDB!G4075 -> 216.76111 | L15: =ASN.HDB!H2817 -> 0.81223845 | M15: =ASN.HDB!H4075 -> 155.11282
A16: 12 | B16: =ASN.HDB!C2818 -> 0.57798755 | C16: =ASN.HDB!C4076 -> 39.018837 | D16: =ASN.HDB!D2818 -> 0.62843007 | E16: =ASN.HDB!D4076 -> 40.217712 | F16: =ASN.HDB!E2818 -> 0.95823193 | G16: =ASN.HDB!E4076 -> 314.55475 | H16: =ASN.HDB!F2818 -> 2.2517011 | I16: =ASN.HDB!F4076 -> 16.396015 | J16: =ASN.HDB!G2818 -> 1.2089725 | K16: =ASN.HDB!G4076 -> 210.21126 | L16: =ASN.HDB!H2818 -> 0.70425534 | M16: =ASN.HDB!H4076 -> 146.97263
A17: 13 | B17: =ASN.HDB!C2819 -> 0.58968455 | C17: =ASN.HDB!C4077 -> 33.209415 | D17: =ASN.HDB!D2819 -> 0.65358531 | E17: =ASN.HDB!D4077 -> 34.324303 | F17: =ASN.HDB!E2819 -> 0.97011036 | G17: =ASN.HDB!E4077 -> 307.50455 | H17: =ASN.HDB!F2819 -> 1.6138626 | I17: =ASN.HDB!F4077 -> 12.85181 | J17: =ASN.HDB!G2819 -> 1.0177788 | K17: =ASN.HDB!G4077 -> 205.33435 | L17: =ASN.HDB!H2819 -> 0.61697376 | M17: =ASN.HDB!H4077 -> 142.30424
A18: 14 | B18: =ASN.HDB!C2820 -> 0.59896296 | C18: =ASN.HDB!C4078 -> 28.63525 | D18: =ASN.HDB!D2820 -> 0.67319804 | E18: =ASN.HDB!D4078 -> 29.628731 | F18: =ASN.HDB!E2820 -> 0.97797734 | G18: =ASN.HDB!E4078 -> 302.07623 | H18: =ASN.HDB!F2820 -> 1.2519104 | I18: =ASN.HDB!F4078 -> 10.871044 | J18: =ASN.HDB!G2820 -> 0.87074554 | K18: =ASN.HDB!G4078 -> 201.53836 | L18: =ASN.HDB!H2820 -> 0.5466668 | M18: =ASN.HDB!H4078 -> 139.43695
... A39: 35 | B39: =ASN.HDB!C2841 -> 0.77200961 | C39: =ASN.HDB!C4099 -> 5.3481045 | D39: =ASN.HDB!D2841 -> 0.91363484 | E39: =ASN.HDB!D4099 -> 5.6934123 | F39: =ASN.HDB!E2841 -> 0.99930364 | G39: =ASN.HDB!E4099 -> 276.03137 | H39: =ASN.HDB!F2841 -> 0.17516559 | I39: =ASN.HDB!F4099 -> 2.4017215 | J39: =ASN.HDB!G2841 -> 0.16292912 | K39: =ASN.HDB!G4099 -> 183.02348 | L39: =ASN.HDB!H2841 -> 0.251257 | M39: =ASN.HDB!H4099 -> 155.53583

Sheet 60°
A1: ='0°'!A1 -> RAOs for Ile de Molene
A3: Direction = 60°
A4: Period | B4: Surge | D4: Sway | F4: Heave | H4: Roll | J4: Pitch | L4: Yaw
B5: Ampl. | C5: Phase | D5: Ampl. | E5: Phase | F5: Ampl. | G5: Phase | H5: Ampl. | I5: Phase | J5: Ampl. | K5: Phase | L5: Ampl. | M5: Phase
A6: (s) | B6: m/m | C6: deg | D6: m/m | E6: deg | F6: m/m | G6: deg | H6: deg/m | I6: deg | J6: deg/m | K6: deg | L6: deg/m | M6: deg
A7: 3 | B7: =ASN.HDB!C2843 -> 0.00078095659 | C7: =ASN.HDB!C4101 -> 47.950378 | D7: =ASN.HDB!D2843 -> 0.0045346152 | E7: =ASN.HDB!D4101 -> 280.46527 | F7: =ASN.HDB!E2843 -> 0.0038550012 | G7: =ASN.HDB!E4101 -> 218.79114 | H7: =ASN.HDB!F2843 -> 0.060673747 | I7: =ASN.HDB!F4101 -> 38.415966 | J7: =ASN.HDB!G2843 -> 0.024317658 | K7: =ASN.HDB!G4101 -> 202.41545 | L7: =ASN.HDB!H2843 -> 0.0082524624 | M7: =ASN.HDB!H4101 -> 328.80157
A8: 4 | B8: =ASN.HDB!C2844 -> 0.011113006 | C8: =ASN.HDB!C4102 -> 345.15561 | D8: =ASN.HDB!D2844 -> 0.0031108835 | E8: =ASN.HDB!D4102 -> 191.24634 | F8: =ASN.HDB!E2844 -> 0.013982184 | G8: =ASN.HDB!E4102 -> 355.00525 | H8: =ASN.HDB!F2844 -> 0.27894661 | I8: =ASN.HDB!F4102 -> 144.12572 | J8: =ASN.HDB!G2844 -> 0.14679775 | K8: =ASN.HDB!G4102 -> 312.75864 | L8: =ASN.HDB!H2844 -> 0.11037651 | M8: =ASN.HDB!H4102 -> 207.2386
A9: 5 | B9: =ASN.HDB!C2845 -> 0.024029562 | C9: =ASN.HDB!C4103 -> 199.30376 | D9: =ASN.HDB!D2845 -> 0.031046845 | E9: =ASN.HDB!D4103 -> 78.170471 | F9: =ASN.HDB!E2845 -> 0.064559639 | G9: =ASN.HDB!E4103 -> 338.83029 | H9: =ASN.HDB!F2845 -> 0.48147532 | I9: =ASN.HDB!F4103 -> 140.50854 | J9: =ASN.HDB!G2845 -> 0.6004467 | K9: =ASN.HDB!G4103 -> 11.442617 | L9: =ASN.HDB!H2845 -> 0.28706199 | M9: =ASN.HDB!H4103 -> 262.55115
A10: 6 | B10: =ASN.HDB!C2846 -> 0.11421847 | C10: =ASN.HDB!C4104 -> 153.79358 | D10: =ASN.HDB!D2846 -> 0.14646859 | E10: =ASN.HDB!D4104 -> 112.69556 | F10: =ASN.HDB!E2846 -> 0.053344686 | G10: =ASN.HDB!E4104 -> 128.27599 | H10: =ASN.HDB!F2846 -> 0.84939885 | I10: =ASN.HDB!F4104 -> 175.86925 | J10: =ASN.HDB!G2846 -> 2.0988493 | K10: =ASN.HDB!G4104 -> 336.93692 | L10: =ASN.HDB!H2846 -> 0.77785605 | M10: =ASN.HDB!H4104 -> 215.81154
A11: 7 | B11: =ASN.HDB!C2847 -> 0.27491832 | C11: =ASN.HDB!C4105 -> 116.85163 | D11: =ASN.HDB!D2847 -> 0.31763229 | E11: =ASN.HDB!D4105 -> 87.180328 | F11: =ASN.HDB!E2847 -> 0.53464222 | G11: =ASN.HDB!E4105 -> 52.244858 | H11: =ASN.HDB!F2847 -> 1.5385294 | I11: =ASN.HDB!F4105 -> 177.92175 | J11: =ASN.HDB!G2847 -> 3.0029197 | K11: =ASN.HDB!G4105 -> 287.34558 | L11: =ASN.HDB!H2847 -> 0.93080705 | M11: =ASN.HDB!H4105 -> 184.43466
A12: 8 | B12: =ASN.HDB!C2848 -> 0.40065309 | C12: =ASN.HDB!C4106 -> 81.24601 | D12: =ASN.HDB!D2848 -> 0.44295409 | E12: =ASN.HDB!D4106 -> 68.657196 | F12: =ASN.HDB!E2848 -> 0.83787781 | G12: =ASN.HDB!E4106 -> 5.230577 | H12: =ASN.HDB!F2848 -> 2.8318872 | I12: =ASN.HDB!F4106 -> 174.26332 | J12: =ASN.HDB!G2848 -> 2.6672719 | K12: =ASN.HDB!G4106 -> 248.65611 | L12: =ASN.HDB!H2848 -> 0.87224662 | M12: =ASN.HDB!H4106 -> 163.17116
A13: 9 | B13: =ASN.HDB!C2849 -> 0.43760267 | C13: =ASN.HDB!C4107 -> 58.15789 | D13: =ASN.HDB!D2849 -> 0.53601336 | E13: =ASN.HDB!D4107 -> 57.367622 | F13: =ASN.HDB!E2849 -> 0.93740147 | G13: =ASN.HDB!E4107 -> 338.47003 | H13: =ASN.HDB!F2849 -> 5.8656287 | I13: =ASN.HDB!F4107 -> 143.29265 | J13: =ASN.HDB!G2849 -> 1.9905297 | K13: =ASN.HDB!G4107 -> 225.66457 | L13: =ASN.HDB!H2849 -> 0.67511392 | M13: =ASN.HDB!H4107 -> 153.57454
A14: 10 | B14: =ASN.HDB!C2850 -> 0.44751793 | C14: =ASN.HDB!C4108 -> 44.87532 | D14: =ASN.HDB!D2850 -> 0.64931893 | E14: =ASN.HDB!D4108 -> 47.449852 | F14: =ASN.HDB!E2850 -> 0.96787244 | G14: =ASN.HDB!E4108 -> 322.46832 | H14: =ASN.HDB!F2850 -> 7.0921946 | I14: =ASN.HDB!F4108 -> 71.115311 | J14: =ASN.HDB!G2850 -> 1.4974484 | K14: =ASN.HDB!G4108 -> 213.35927 | L14: =ASN.HDB!H2850 -> 0.72605342 | M14: =ASN.HDB!H4108 -> 162.05957
A15: 11 | B15: =ASN.HDB!C2851 -> 0.45456028 | C15: =ASN.HDB!C4109 -> 36.419777 | D15: =ASN.HDB!D2851 -> 0.69906569 | E15: =ASN.HDB!D4109 -> 37.391384 | F15: =ASN.HDB!E2851 -> 0.97994399 | G15: =ASN.HDB!E4109 -> 312.00015 | H15: =ASN.HDB!F2851 -> 4.1381626 | I15: =ASN.HDB!F4109 -> 24.845623 | J15: =ASN.HDB!G2851 -> 1.1784929 | K15: =ASN.HDB!G4109 -> 206.09175 | L15: =ASN.HDB!H2851 -> 0.7396341 | M15: =ASN.HDB!H4109 -> 148.76256
A16: 12 | B16: =ASN.HDB!C2852 -> 0.4612163 | C16: =ASN.HDB!C4110 -> 30.42062 | D16: =ASN.HDB!D2852 -> 0.72812241 | E16: =ASN.HDB!D4110 -> 31.289362 | F16: =ASN.HDB!E2852 -> 0.98617345 | G16: =ASN.HDB!E4110 -> 304.62112 | H16: =ASN.HDB!F2852 -> 2.5513208 | I16: =ASN.HDB!F4110 -> 14.166612 | J16: =ASN.HDB!G2852 -> 0.96150368 | K16: =ASN.HDB!G4110 -> 201.19562 | L16: =ASN.HDB!H2852 -> 0.6431638 | M16: =ASN.HDB!H4110 -> 142.16602
A17: 13 | B17: =ASN.HDB!C2853 -> 0.46717003 | C17: =ASN.HDB!C4111 -> 25.881067 | D17: =ASN.HDB!D2853 -> 0.75215507 | E17: =ASN.HDB!D4111 -> 26.691095 | F17: =ASN.HDB!E2853 -> 0.98998165 | G17: =ASN.HDB!E4111 -> 299.1445 | H17: =ASN.HDB!F2853 -> 1.8296336 | I17: =ASN.HDB!F4111 -> 10.652127 | J17: =ASN.HDB!G2853 -> 0.80449748 | K17: =ASN.HDB!G4111 -> 197.59105 | L17: =ASN.HDB!H2853 -> 0.56422377 | M17: =ASN.HDB!H4111 -> 139.10356
A18: 14 | B18: =ASN.HDB!C2854 -> 0.47225153 | C18: =ASN.HDB!C4112 -> 22.31435 | D18: =ASN.HDB!D2854 -> 0.77115476 | E18: =ASN.HDB!D4112 -> 23.039164 | F18: =ASN.HDB!E2854 -> 0.99255246 | G18: =ASN.HDB!E4112 -> 294.92981 | H18: =ASN.HDB!F2854 -> 1.4190371 | I18: =ASN.HDB!F4112 -> 8.8280821 | J18: =ASN.HDB!G2854 -> 0.6855092 | K18: =ASN.HDB!G4112 -> 194.79541 | L18: =ASN.HDB!H2854 -> 0.5017246 | M18: =ASN.HDB!H4112 -> 137.69272
... A39: 35 | B39: =ASN.HDB!C2875 -> 0.60083419 | C39: =ASN.HDB!C4133 -> 4.069098 | D39: =ASN.HDB!D2875 -> 1.0333717 | E39: =ASN.HDB!D4133 -> 4.425652 | F39: =ASN.HDB!E2875 -> 0.99982756 | G39: =ASN.HDB!E4133 -> 274.6915 | H39: =ASN.HDB!F2875 -> 0.19808392 | I39: =ASN.HDB!F4133 -> 1.8914036 | J39: =ASN.HDB!G2875 -> 0.12683871 | K39: =ASN.HDB!G4133 -> 181.39847 | L39: =ASN.HDB!H2875 -> 0.26941919 | M39: =ASN.HDB!H4133 -> 160.16333

Sheet 70°
A1: ='0°'!A1 -> RAOs for Ile de Molene
A3: Direction = 70°
A4: Period | B4: Surge | D4: Sway | F4: Heave | H4: Roll | J4: Pitch | L4: Yaw
B5: Ampl. | C5: Phase | D5: Ampl. | E5: Phase | F5: Ampl. | G5: Phase | H5: Ampl. | I5: Phase | J5: Ampl. | K5: Phase | L5: Ampl. | M5: Phase
A6: (s) | B6: m/m | C6: deg | D6: m/m | E6: deg | F6: m/m | G6: deg | H6: deg/m | I6: deg | J6: deg/m | K6: deg | L6: deg/m | M6: deg
A7: 3 | B7: =ASN.HDB!C2877 -> 0.0017259838 | C7: =ASN.HDB!C4135 -> 189.37675 | D7: =ASN.HDB!D2877 -> 0.0078368019 | E7: =ASN.HDB!D4135 -> 294.85645 | F7: =ASN.HDB!E2877 -> 0.0050755469 | G7: =ASN.HDB!E4135 -> 180.46899 | H7: =ASN.HDB!F2877 -> 0.070082493 | I7: =ASN.HDB!F4135 -> 6.9741302 | J7: =ASN.HDB!G2877 -> 0.050110634 | K7: =ASN.HDB!G4135 -> 195.34715 | L7: =ASN.HDB!H2877 -> 0.020564646 | M7: =ASN.HDB!H4135 -> 14.641833
A8: 4 | B8: =ASN.HDB!C2878 -> 0.0050210566 | C8: =ASN.HDB!C4136 -> 201.08148 | D8: =ASN.HDB!D2878 -> 0.034846362 | E8: =ASN.HDB!D4136 -> 41.39156 | F8: =ASN.HDB!E2878 -> 0.021779034 | G8: =ASN.HDB!E4136 -> 331.43155 | H8: =ASN.HDB!F2878 -> 0.33969927 | I8: =ASN.HDB!F4136 -> 95.001923 | J8: =ASN.HDB!G2878 -> 0.10597769 | K8: =ASN.HDB!G4136 -> 332.25497 | L8: =ASN.HDB!H2878 -> 0.082406037 | M8: =ASN.HDB!H4136 -> 176.39542
A9: 5 | B9: =ASN.HDB!C2879 -> 0.015967375 | C9: =ASN.HDB!C4137 -> 121.70277 | D9: =ASN.HDB!D2879 -> 0.096776336 | E9: =ASN.HDB!D4137 -> 80.192619 | F9: =ASN.HDB!E2879 -> 0.049808595 | G9: =ASN.HDB!E4137 -> 44.958675 | H9: =ASN.HDB!F2879 -> 0.48873645 | I9: =ASN.HDB!F4137 -> 148.56223 | J9: =ASN.HDB!G2879 -> 0.85431659 | K9: =ASN.HDB!G4137 -> 346.23569 | L9: =ASN.HDB!H2879 -> 0.54871452 | M9: =ASN.HDB!H4137 -> 199.00784
A10: 6 | B10: =ASN.HDB!C2880 -> 0.10032389 | C10: =ASN.HDB!C4138 -> 134.18492 | D10: =ASN.HDB!D2880 -> 0.27099723 | E10: =ASN.HDB!D4138 -> 71.65966 | F10: =ASN.HDB!E2880 -> 0.27784327 | G10: =ASN.HDB!E4138 -> 51.818459 | H10: =ASN.HDB!F2880 -> 1.0074728 | I10: =ASN.HDB!F4138 -> 161.88448 | J10: =ASN.HDB!G2880 -> 2.2155879 | K10: =ASN.HDB!G4138 -> 309.2832 | L10: =ASN.HDB!H2880 -> 0.80233032 | M10: =ASN.HDB!H4138 -> 170.94455
A11: 7 | B11: =ASN.HDB!C2881 -> 0.24283092 | C11: =ASN.HDB!C4139 -> 95.356514 | D11: =ASN.HDB!D2881 -> 0.42895913 | E11: =ASN.HDB!D4139 -> 56.006649 | F11: =ASN.HDB!E2881 -> 0.78191167 | G11: =ASN.HDB!E4139 -> 13.402664 | H11: =ASN.HDB!F2881 -> 1.6424938 | I11: =ASN.HDB!F4139 -> 168.19492 | J11: =ASN.HDB!G2881 -> 2.7169142 | K11: =ASN.HDB!G4139 -> 260.77115 | L11: =ASN.HDB!H2881 -> 0.81243402 | M11: =ASN.HDB!H4139 -> 151.756
A12: 8 | B12: =ASN.HDB!C2882 -> 0.31950253 | C12: =ASN.HDB!C4140 -> 61.129486 | D12: =ASN.HDB!D2882 -> 0.53921908 | E12: =ASN.HDB!D4140 -> 45.009327 | F12: =ASN.HDB!E2882 -> 0.99825853 | G12: =ASN.HDB!E4140 -> 337.77054 | H12: =ASN.HDB!F2882 -> 2.9973249 | I12: =ASN.HDB!F4140 -> 167.19429 | J12: =ASN.HDB!G2882 -> 2.1445723 | K12: =ASN.HDB!G4140 -> 225.41792 | L12: =ASN.HDB!H2882 -> 0.7010982 | M12: =ASN.HDB!H4140 -> 137.93852
A13: 9 | B13: =ASN.HDB!C2883 -> 0.32667303 | C13: =ASN.HDB!C4141 -> 41.349377 | D13: =ASN.HDB!D2883 -> 0.61847091 | E13: =ASN.HDB!D4141 -> 38.604706 | F13: =ASN.HDB!E2883 -> 1.0291315 | G13: =ASN.HDB!E4141 -> 317.72717 | H13: =ASN.HDB!F2883 -> 6.1701465 | I13: =ASN.HDB!F4141 -> 137.56982 | J13: =ASN.HDB!G2883 -> 1.4935807 | K13: =ASN.HDB!G4141 -> 206.37741 | L13: =ASN.HDB!H2883 -> 0.47959083 | M13: =ASN.HDB!H4141 -> 133.31429
A14: 10 | B14: =ASN.HDB!C2884 -> 0.3226282 | C14: =ASN.HDB!C4142 -> 31.103621 | D14: =ASN.HDB!D2884 -> 0.72642416 | E14: =ASN.HDB!D4142 -> 33.055794 | F14: =ASN.HDB!E2884 -> 1.0227805 | G14: =ASN.HDB!E4142 -> 306.17462 | H14: =ASN.HDB!F2884 -> 7.3965855 | I14: =ASN.HDB!F4142 -> 68.281189 | J14: =ASN.HDB!G2884 -> 1.0830865 | K14: =ASN.HDB!G4142 -> 197.45906 | L14: =ASN.HDB!H2884 -> 0.52776021 | M14: =ASN.HDB!H4142 -> 157.13365
A15: 11 | B15: =ASN.HDB!C2885 -> 0.32159874 | C15: =ASN.HDB!C4143 -> 25.037016 | D15: =ASN.HDB!D2885 -> 0.7791416 | E15: =ASN.HDB!D4143 -> 25.705618 | F15: =ASN.HDB!E2885 -> 1.0149859 | G15: =ASN.HDB!E4143 -> 298.81421 | H15: =ASN.HDB!F2885 -> 4.462409 | I15: =ASN.HDB!F4143 -> 22.598965 | J15: =ASN.HDB!G2885 -> 0.83579683 | K15: =ASN.HDB!G4143 -> 192.81575 | L15: =ASN.HDB!H2885 -> 0.5836724 | M15: =ASN.HDB!H4143 -> 145.34615
A16: 12 | B16: =ASN.HDB!C2886 -> 0.32278547 | C16: =ASN.HDB!C4144 -> 20.874876 | D16: =ASN.HDB!D2886 -> 0.80585951 | E16: =ASN.HDB!D4144 -> 21.394253 | F16: =ASN.HDB!E2886 -> 1.0097796 | G16: =ASN.HDB!E4144 -> 293.70209 | H16: =ASN.HDB!F2886 -> 2.769664 | I16: =ASN.HDB!F4144 -> 11.645625 | J16: =ASN.HDB!G2886 -> 0.67436153 | K16: =ASN.HDB!G4144 -> 189.91711 | L16: =ASN.HDB!H2886 -> 0.5130356 | M16: =ASN.HDB!H4144 -> 140.29312
A17: 13 | B17: =ASN.HDB!C2887 -> 0.3247751 | C17: =ASN.HDB!C4145 -> 17.76239 | D17: =ASN.HDB!D2887 -> 0.82800078 | E17: =ASN.HDB!D4145 -> 18.237015 | F17: =ASN.HDB!E2887 -> 1.0065961 | G17: =ASN.HDB!E4145 -> 289.93588 | H17: =ASN.HDB!F2887 -> 1.9885546 | I17: =ASN.HDB!F4145 -> 8.2133665 | J17: =ASN.HDB!G2887 -> 0.56045347 | K17: =ASN.HDB!G4145 -> 187.8497 | L17: =ASN.HDB!H2887 -> 0.45427811 | M17: =ASN.HDB!H4145 -> 139.10556
A18: 14 | B18: =ASN.HDB!C2888 -> 0.3268896 | C18: =ASN.HDB!C4146 -> 15.322418 | D18: =ASN.HDB!D2888 -> 0.84576315 | E18: =ASN.HDB!D4146 -> 15.742841 | F18: =ASN.HDB!E2888 -> 1.0046526 | G18: =ASN.HDB!E4146 -> 287.0477 | H18: =ASN.HDB!F2888 -> 1.5425403 | I18: =ASN.HDB!F4146 -> 6.5703835 | J18: =ASN.HDB!G2888 -> 0.47550008 | K18: =ASN.HDB!G4146 -> 186.25929 | L18: =ASN.HDB!H2888 -> 0.40907681 | M18: =ASN.HDB!H4146 -> 139.42647
... A39: 35 | B39: =ASN.HDB!C2909 -> 0.4112027 | C39: =ASN.HDB!C4167 -> 2.6037223 | D39: =ASN.HDB!D2909 -> 1.1217095 | E39: =ASN.HDB!D4167 -> 3.0224264 | F39: =ASN.HDB!E2909 -> 1.0002564 | G39: =ASN.HDB!E4167 -> 273.2092 | H39: =ASN.HDB!F2909 -> 0.21498986 | I39: =ASN.HDB!F4167 -> 1.324311 | J39: =ASN.HDB!G2909 -> 0.086893626 | K39: =ASN.HDB!G4167 -> 179.08052 | L39: =ASN.HDB!H2909 -> 0.27869654 | M39: =ASN.HDB!H4167 -> 166.02908

Sheet 80°
A1: ='0°'!A1 -> RAOs for Ile de Molene
A3: Direction = 80°
A4: Period | B4: Surge | D4: Sway | F4: Heave | H4: Roll | J4: Pitch | L4: Yaw
B5: Ampl. | C5: Phase | D5: Ampl. | E5: Phase | F5: Ampl. | G5: Phase | H5: Ampl. | I5: Phase | J5: Ampl. | K5: Phase | L5: Ampl. | M5: Phase
A6: (s) | B6: m/m | C6: deg | D6: m/m | E6: deg | F6: m/m | G6: deg | H6: deg/m | I6: deg | J6: deg/m | K6: deg | L6: deg/m | M6: deg
A7: 3 | B7: =ASN.HDB!C2911 -> 0.00122826 | C7: =ASN.HDB!C4169 -> 157.19086 | D7: =ASN.HDB!D2911 -> 0.018036149 | E7: =ASN.HDB!D4169 -> 304.49017 | F7: =ASN.HDB!E2911 -> 0.0040495736 | G7: =ASN.HDB!E4169 -> 261.51318 | H7: =ASN.HDB!F2911 -> 0.13163957 | I7: =ASN.HDB!F4169 -> 334.38348 | J7: =ASN.HDB!G2911 -> 0.031571891 | K7: =ASN.HDB!G4169 -> 154.93797 | L7: =ASN.HDB!H2911 -> 0.090964846 | M7: =ASN.HDB!H4169 -> 39.864536
A8: 4 | B8: =ASN.HDB!C2912 -> 0.011337608 | C8: =ASN.HDB!C4170 -> 354.0928 | D8: =ASN.HDB!D2912 -> 0.074102141 | E8: =ASN.HDB!D4170 -> 0.4740459 | F8: =ASN.HDB!E2912 -> 0.025882987 | G8: =ASN.HDB!E4170 -> 356.22137 | H8: =ASN.HDB!F2912 -> 0.19272898 | I8: =ASN.HDB!F4170 -> 79.855728 | J8: =ASN.HDB!G2912 -> 0.24362299 | K8: =ASN.HDB!G4170 -> 295.99814 | L8: =ASN.HDB!H2912 -> 0.3024745 | M8: =ASN.HDB!H4170 -> 137.79733
A9: 5 | B9: =ASN.HDB!C2913 -> 0.013701029 | C9: =ASN.HDB!C4171 -> 255.62299 | D9: =ASN.HDB!D2913 -> 0.2247213 | E9: =ASN.HDB!D4171 -> 27.940758 | F9: =ASN.HDB!E2913 -> 0.18417384 | G9: =ASN.HDB!E4171 -> 22.689041 | H9: =ASN.HDB!F2913 -> 0.52728182 | I9: =ASN.HDB!F4171 -> 124.42267 | J9: =ASN.HDB!G2913 -> 0.79991651 | K9: =ASN.HDB!G4171 -> 306.98129 | L9: =ASN.HDB!H2913 -> 0.56784374 | M9: =ASN.HDB!H4171 -> 131.01649
A10: 6 | B10: =ASN.HDB!C2914 -> 0.081806071 | C10: =ASN.HDB!C4172 -> 132.93149 | D10: =ASN.HDB!D2914 -> 0.39162889 | E10: =ASN.HDB!D4172 -> 27.232252 | F10: =ASN.HDB!E2914 -> 0.54693049 | G10: =ASN.HDB!E4172 -> 8.1817293 | H10: =ASN.HDB!F2914 -> 0.84382057 | I10: =ASN.HDB!F4172 -> 146.31783 | J10: =ASN.HDB!G2914 -> 1.8365214 | K10: =ASN.HDB!G4172 -> 277.53772 | L10: =ASN.HDB!H2914 -> 0.58467239 | M10: =ASN.HDB!H4172 -> 123.75507
A11: 7 | B11: =ASN.HDB!C2915 -> 0.17755748 | C11: =ASN.HDB!C4173 -> 77.665016 | D11: =ASN.HDB!D2915 -> 0.52049184 | E11: =ASN.HDB!D4173 -> 23.154243 | F11: =ASN.HDB!E2915 -> 1.0279665 | G11: =ASN.HDB!E4173 -> 336.45737 | H11: =ASN.HDB!F2915 -> 1.5238671 | I11: =ASN.HDB!F4173 -> 162.33023 | J11: =ASN.HDB!G2915 -> 2.0451555 | K11: =ASN.HDB!G4173 -> 229.30075 | L11: =ASN.HDB!H2915 -> 0.52231264 | M11: =ASN.HDB!H4173 -> 116.41573
A12: 8 | B12: =ASN.HDB!C2916 -> 0.20211379 | C12: =ASN.HDB!C4174 -> 40.814335 | D12: =ASN.HDB!D2916 -> 0.61219287 | E12: =ASN.HDB!D4174 -> 19.8958 | F12: =ASN.HDB!E2916 -> 1.1360221 | G12: =ASN.HDB!E4174 -> 309.68094 | H12: =ASN.HDB!F2916 -> 2.9692879 | I12: =ASN.HDB!F4174 -> 163.02667 | J12: =ASN.HDB!G2916 -> 1.4311181 | K12: =ASN.HDB!G4174 -> 195.54936 | L12: =ASN.HDB!H2916 -> 0.41048586 | M12: =ASN.HDB!H4174 -> 109.18733
A13: 9 | B13: =ASN.HDB!C2917 -> 0.18704642 | C13: =ASN.HDB!C4175 -> 23.163877 | D13: =ASN.HDB!D2917 -> 0.67486757 | E13: =ASN.HDB!D4175 -> 18.563595 | F13: =ASN.HDB!E2917 -> 1.1006794 | G13: =ASN.HDB!E4175 -> 296.05133 | H13: =ASN.HDB!F2917 -> 6.2682233 | I13: =ASN.HDB!F4175 -> 133.45555 | J13: =ASN.HDB!G2917 -> 0.90543234 | K13: =ASN.HDB!G4175 -> 179.67752 | L13: =ASN.HDB!H2917 -> 0.20049325 | M13: =ASN.HDB!H4175 -> 105.88087
A14: 10 | B14: =ASN.HDB!C2918 -> 0.17492718 | C14: =ASN.HDB!C4176 -> 15.998846 | D14: =ASN.HDB!D2918 -> 0.77408159 | E14: =ASN.HDB!D4176 -> 17.638849 | F14: =ASN.HDB!E2918 -> 1.0630894 | G14: =ASN.HDB!E4176 -> 289.00748 | H14: =ASN.HDB!F2918 -> 7.5665326 | I14: =ASN.HDB!F4176 -> 65.260727 | J14: =ASN.HDB!G2918 -> 0.61634791 | K14: =ASN.HDB!G4176 -> 174.36215 | L14: =ASN.HDB!H2918 -> 0.30439121 | M14: =ASN.HDB!H4176 -> 171.77025
A15: 11 | B15: =ASN.HDB!C2919 -> 0.16962111 | C15: =ASN.HDB!C4177 -> 12.62751 | D15: =ASN.HDB!D2919 -> 0.83021915 | E15: =ASN.HDB!D4177 -> 13.207305 | F15: =ASN.HDB!E2919 -> 1.0397519 | G15: =ASN.HDB!E4177 -> 284.86411 | H15: =ASN.HDB!F2919 -> 4.6500993 | I15: =ASN.HDB!F4177 -> 19.969702 | J15: =ASN.HDB!G2919 -> 0.45809698 | K15: =ASN.HDB!G4177 -> 172.95868 | L15: =ASN.HDB!H2919 -> 0.38976905 | M15: =ASN.HDB!H4177 -> 152.89067
A16: 12 | B16: =ASN.HDB!C2920 -> 0.16782868 | C16: =ASN.HDB!C4178 -> 10.567421 | D16: =ASN.HDB!D2920 -> 0.85539854 | E16: =ASN.HDB!D4178 -> 10.834179 | F16: =ASN.HDB!E2920 -> 1.0260676 | G16: =ASN.HDB!E4178 -> 282.12219 | H16: =ASN.HDB!F2920 -> 2.9012833 | I16: =ASN.HDB!F4178 -> 8.9115877 | J16: =ASN.HDB!G2920 -> 0.36163166 | K16: =ASN.HDB!G4178 -> 172.69373 | L16: =ASN.HDB!H2920 -> 0.35045698 | M16: =ASN.HDB!H4178 -> 148.38989
A17: 13 | B17: =ASN.HDB!C2921 -> 0.16753325 | C17: =ASN.HDB!C4179 -> 9.0682411 | D17: =ASN.HDB!D2921 -> 0.87594223 | E17: =ASN.HDB!D4179 -> 9.2198067 | F17: =ASN.HDB!E2921 -> 1.017876 | G17: =ASN.HDB!E4179 -> 280.15494 | H17: =ASN.HDB!F2921 -> 2.0855739 | I17: =ASN.HDB!F4179 -> 5.60602 | J17: =ASN.HDB!G2921 -> 0.29662535 | K17: =ASN.HDB!G4179 -> 172.7027 | L17: =ASN.HDB!H2921 -> 0.31992483 | M17: =ASN.HDB!H4179 -> 148.85533
A18: 14 | B18: =ASN.HDB!C2922 -> 0.16783947 | C18: =ASN.HDB!C4180 -> 7.8791118 | D18: =ASN.HDB!D2922 -> 0.8925885 | E18: =ASN.HDB!D4180 -> 7.9625401 | F18: =ASN.HDB!E2922 -> 1.0127791 | G18: =ASN.HDB!E4180 -> 278.66736 | H18: =ASN.HDB!F2922 -> 1.6182946 | I18: =ASN.HDB!F4180 -> 4.1612849 | J18: =ASN.HDB!G2922 -> 0.24958158 | K18: =ASN.HDB!G4180 -> 172.7495 | L18: =ASN.HDB!H2922 -> 0.29871979 | M18: =ASN.HDB!H4180 -> 150.62628
... A39: 35 | B39: =ASN.HDB!C2943 -> 0.20890756 | C39: =ASN.HDB!C4201 -> 0.82901442 | D39: =ASN.HDB!D2943 -> 1.1758584 | E39: =ASN.HDB!D4201 -> 1.5246426 | F39: =ASN.HDB!E2943 -> 1.0005342 | G39: =ASN.HDB!E4201 -> 271.62946 | H39: =ASN.HDB!F2943 -> 0.22535434 | I39: =ASN.HDB!F4201 -> 0.73266691 | J39: =ASN.HDB!G2943 -> 0.044393096 | K39: =ASN.HDB!G4201 -> 174.4054 | L39: =ASN.HDB!H2943 -> 0.28248286 | M39: =ASN.HDB!H4201 -> 172.96815

Sheet 90°
A1: ='0°'!A1 -> RAOs for Ile de Molene
A3: Direction = 90°
A4: Period | B4: Surge | D4: Sway | F4: Heave | H4: Roll | J4: Pitch | L4: Yaw
B5: Ampl. | C5: Phase | D5: Ampl. | E5: Phase | F5: Ampl. | G5: Phase | H5: Ampl. | I5: Phase | J5: Ampl. | K5: Phase | L5: Ampl. | M5: Phase
A6: (s) | B6: m/m | C6: deg | D6: m/m | E6: deg | F6: m/m | G6: deg | H6: deg/m | I6: deg | J6: deg/m | K6: deg | L6: deg/m | M6: deg
A7: 3 | B7: =ASN.HDB!C2945 -> 0.0033575522 | C7: =ASN.HDB!C4203 -> 110.23319 | D7: =ASN.HDB!D2945 -> 0.0537332 | E7: =ASN.HDB!D4203 -> 166.38777 | F7: =ASN.HDB!E2945 -> 0.019765811 | G7: =ASN.HDB!E4203 -> 172.10309 | H7: =ASN.HDB!F2945 -> 0.03472089 | I7: =ASN.HDB!F4203 -> 161.55186 | J7: =ASN.HDB!G2945 -> 0.048446763 | K7: =ASN.HDB!G4203 -> 153.29425 | L7: =ASN.HDB!H2945 -> 0.10188861 | M7: =ASN.HDB!H4203 -> 328.83658
A8: 4 | B8: =ASN.HDB!C2946 -> 0.019589238 | C8: =ASN.HDB!C4204 -> 167.60027 | D8: =ASN.HDB!D2946 -> 0.16474603 | E8: =ASN.HDB!D4204 -> 285.10809 | F8: =ASN.HDB!E2946 -> 0.078905717 | G8: =ASN.HDB!E4204 -> 295.85199 | H8: =ASN.HDB!F2946 -> 0.07836169 | I8: =ASN.HDB!F4204 -> 350.47787 | J8: =ASN.HDB!G2946 -> 0.1255431 | K8: =ASN.HDB!G4204 -> 230.83022 | L8: =ASN.HDB!H2946 -> 0.20648304 | M8: =ASN.HDB!H4204 -> 38.401707
A9: 5 | B9: =ASN.HDB!C2947 -> 0.04948055 | C9: =ASN.HDB!C4205 -> 172.48341 | D9: =ASN.HDB!D2947 -> 0.31887504 | E9: =ASN.HDB!D4205 -> 324.81686 | F9: =ASN.HDB!E2947 -> 0.29320464 | G9: =ASN.HDB!E4205 -> 329.48367 | H9: =ASN.HDB!F2947 -> 0.15684472 | I9: =ASN.HDB!F4205 -> 104.0099 | J9: =ASN.HDB!G2947 -> 0.3785463 | K9: =ASN.HDB!G4205 -> 279.13107 | L9: =ASN.HDB!H2947 -> 0.1985645 | M9: =ASN.HDB!H4205 -> 56.553612
A10: 6 | B10: =ASN.HDB!C2948 -> 0.10305912 | C10: =ASN.HDB!C4206 -> 134.91296 | D10: =ASN.HDB!D2948 -> 0.45834064 | E10: =ASN.HDB!D4206 -> 341.53894 | F10: =ASN.HDB!E2948 -> 0.75819278 | G10: =ASN.HDB!E4206 -> 325.4704 | H10: =ASN.HDB!F2948 -> 0.53841597 | I10: =ASN.HDB!F4206 -> 157.05667 | J10: =ASN.HDB!G2948 -> 1.0083852 | K10: =ASN.HDB!G4206 -> 246.883 | L10: =ASN.HDB!H2948 -> 0.14437258 | M10: =ASN.HDB!H4206 -> 72.745728
A11: 7 | B11: =ASN.HDB!C2949 -> 0.1082891 | C11: =ASN.HDB!C4207 -> 76.926834 | D11: =ASN.HDB!D2949 -> 0.56571198 | E11: =ASN.HDB!D4207 -> 349.71658 | F11: =ASN.HDB!E2949 -> 1.2146671 | G11: =ASN.HDB!E4207 -> 300.40784 | H11: =ASN.HDB!F2949 -> 1.3650548 | I11: =ASN.HDB!F4207 -> 164.8044 | J11: =ASN.HDB!G2949 -> 1.1235979 | K11: =ASN.HDB!G4207 -> 186.70523 | L11: =ASN.HDB!H2949 -> 0.1070529 | M11: =ASN.HDB!H4207 -> 70.393143
A12: 8 | B12: =ASN.HDB!C2950 -> 0.065088168 | C12: =ASN.HDB!C4208 -> 28.547918 | D12: =ASN.HDB!D2950 -> 0.64648682 | E12: =ASN.HDB!D4208 -> 354.17435 | F12: =ASN.HDB!E2950 -> 1.228404 | G12: =ASN.HDB!E4208 -> 281.39761 | H12: =ASN.HDB!F2950 -> 2.8802381 | I12: =ASN.HDB!F4208 -> 162.00923 | J12: =ASN.HDB!G2950 -> 0.72206998 | K12: =ASN.HDB!G4208 -> 141.94632 | L12: =ASN.HDB!H2950 -> 0.060709767 | M12: =ASN.HDB!H4208 -> 41.482239
A13: 9 | B13: =ASN.HDB!C2951 -> 0.031556409 | C13: =ASN.HDB!C4209 -> 359.64352 | D13: =ASN.HDB!D2951 -> 0.69629794 | E13: =ASN.HDB!D4209 -> 357.87585 | F13: =ASN.HDB!E2951 -> 1.1419518 | G13: =ASN.HDB!E4209 -> 273.94574 | H13: =ASN.HDB!F2951 -> 6.2612939 | I13: =ASN.HDB!F4209 -> 130.82164 | J13: =ASN.HDB!G2951 -> 0.40506595 | K13: =ASN.HDB!G4209 -> 116.61137 | L13: =ASN.HDB!H2951 -> 0.13415177 | M13: =ASN.HDB!H4209 -> 296.59982
A14: 10 | B14: =ASN.HDB!C2952 -> 0.015238614 | C14: =ASN.HDB!C4210 -> 345.54889 | D14: =ASN.HDB!D2952 -> 0.78566647 | E14: =ASN.HDB!D4210 -> 1.675714 | F14: =ASN.HDB!E2952 -> 1.0834373 | G14: =ASN.HDB!E4210 -> 271.41803 | H14: =ASN.HDB!F2952 -> 7.5967264 | I14: =ASN.HDB!F4210 -> 62.2882 | J14: =ASN.HDB!G2952 -> 0.23949945 | K14: =ASN.HDB!G4210 -> 104.16526 | L14: =ASN.HDB!H2952 -> 0.31730744 | M14: =ASN.HDB!H4210 -> 223.05833
A15: 11 | B15: =ASN.HDB!C2953 -> 0.007715228 | C15: =ASN.HDB!C4211 -> 340.83588 | D15: =ASN.HDB!D2953 -> 0.84684956 | E15: =ASN.HDB!D4211 -> 0.28569889 | F15: =ASN.HDB!E2953 -> 1.0510501 | G15: =ASN.HDB!E4211 -> 270.53979 | H15: =ASN.HDB!F2953 -> 4.708425 | I15: =ASN.HDB!F4211 -> 17.002831 | J15: =ASN.HDB!G2953 -> 0.15486439 | K15: =ASN.HDB!G4211 -> 98.09697 | L15: =ASN.HDB!H2953 -> 0.29837823 | M15: =ASN.HDB!H4211 -> 188.38814
A16: 12 | B16: =ASN.HDB!C2954 -> 0.0041320422 | C16: =ASN.HDB!C4212 -> 343.00742 | D16: =ASN.HDB!D2954 -> 0.87233227 | E16: =ASN.HDB!D4212 -> 359.93326 | F16: =ASN.HDB!E2954 -> 1.0329655 | G16: =ASN.HDB!E4212 -> 270.21561 | H16: =ASN.HDB!F2954 -> 2.9446731 | I16: =ASN.HDB!F4212 -> 5.9974213 | J16: =ASN.HDB!G2954 -> 0.10806693 | K16: =ASN.HDB!G4212 -> 95.038185 | L16: =ASN.HDB!H2954 -> 0.26117456 | M16: =ASN.HDB!H4212 -> 181.94035
A17: 13 | B17: =ASN.HDB!C2955 -> 0.0023824903 | C17: =ASN.HDB!C4213 -> 351.1492 | D17: =ASN.HDB!D2955 -> 0.89237809 | E17: =ASN.HDB!D4213 -> 359.91547 | F17: =ASN.HDB!E2955 -> 1.0224036 | G17: =ASN.HDB!E4213 -> 270.08905 | H17: =ASN.HDB!F2955 -> 2.1181414 | I17: =ASN.HDB!F4213 -> 2.8744392 | J17: =ASN.HDB!G2955 -> 0.07989908 | K17: =ASN.HDB!G4213 -> 93.426567 | L17: =ASN.HDB!H2955 -> 0.24691722 | M17: =ASN.HDB!H4213 -> 180.65921
A18: 14 | B18: =ASN.HDB!C2956 -> 0.0015378802 | C18: =ASN.HDB!C4214 -> 3.2257071 | D18: =ASN.HDB!D2956 -> 0.90859252 | E18: =ASN.HDB!D4214 -> 359.93555 | F18: =ASN.HDB!E2956 -> 1.0159172 | G18: =ASN.HDB!E4214 -> 270.03741 | H18: =ASN.HDB!F2956 -> 1.643867 | I18: =ASN.HDB!F4214 -> 1.6533477 | J18: =ASN.HDB!G2956 -> 0.061690506 | K18: =ASN.HDB!G4214 -> 92.53994 | L18: =ASN.HDB!H2956 -> 0.2408836 | M18: =ASN.HDB!H4214 -> 180.32317
... A39: 35 | B39: =ASN.HDB!C2977 -> 0.0024290001 | C39: =ASN.HDB!C4235 -> 273.42371 | D39: =ASN.HDB!D2977 -> 1.194102 | E39: =ASN.HDB!D4235 -> 359.9794 | F39: =ASN.HDB!E2977 -> 1.0006329 | G39: =ASN.HDB!E4235 -> 270.00024 | H39: =ASN.HDB!F2977 -> 0.22885807 | I39: =ASN.HDB!F4235 -> 0.11950577 | J39: =ASN.HDB!G2977 -> 0.0053494726 | K39: =ASN.HDB!G4235 -> 90.60746 | L39: =ASN.HDB!H2977 -> 0.28368148 | M39: =ASN.HDB!H4235 -> 180.54819

Sheet 100°
A1: ='0°'!A1 -> RAOs for Ile de Molene
A3: Direction = 100°
A4: Period | B4: Surge | D4: Sway | F4: Heave | H4: Roll | J4: Pitch | L4: Yaw
B5: Ampl. | C5: Phase | D5: Ampl. | E5: Phase | F5: Ampl. | G5: Phase | H5: Ampl. | I5: Phase | J5: Ampl. | K5: Phase | L5: Ampl. | M5: Phase
A6: (s) | B6: m/m | C6: deg | D6: m/m | E6: deg | F6: m/m | G6: deg | H6: deg/m | I6: deg | J6: deg/m | K6: deg | L6: deg/m | M6: deg
A7: 3 | B7: =ASN.HDB!C2979 -> 0.0082477313 | C7: =ASN.HDB!C4237 -> 162.06226 | D7: =ASN.HDB!D2979 -> 0.034280773 | E7: =ASN.HDB!D4237 -> 359.56952 | F7: =ASN.HDB!E2979 -> 0.0081492104 | G7: =ASN.HDB!E4237 -> 359.34827 | H7: =ASN.HDB!F2979 -> 0.14118123 | I7: =ASN.HDB!F4237 -> 358.60059 | J7: =ASN.HDB!G2979 -> 0.028604217 | K7: =ASN.HDB!G4237 -> 162.13652 | L7: =ASN.HDB!H2979 -> 0.13352427 | M7: =ASN.HDB!H4237 -> 303.46036
A8: 4 | B8: =ASN.HDB!C2980 -> 0.025072478 | C8: =ASN.HDB!C4238 -> 7.7666888 | D8: =ASN.HDB!D2980 -> 0.15188041 | E8: =ASN.HDB!D4238 -> 182.9628 | F8: =ASN.HDB!E2980 -> 0.068359524 | G8: =ASN.HDB!E4238 -> 202.20598 | H8: =ASN.HDB!F2980 -> 0.31403705 | I8: =ASN.HDB!F4238 -> 152.14781 | J8: =ASN.HDB!G2980 -> 0.19194563 | K8: =ASN.HDB!G4238 -> 291.2027 | L8: =ASN.HDB!H2980 -> 0.27097169 | M8: =ASN.HDB!H4238 -> 111.95858
A9: 5 | B9: =ASN.HDB!C2981 -> 0.062104069 | C9: =ASN.HDB!C4239 -> 96.004578 | D9: =ASN.HDB!D2981 -> 0.29860237 | E9: =ASN.HDB!D4239 -> 259.16068 | F9: =ASN.HDB!E2981 -> 0.29111719 | G9: =ASN.HDB!E4239 -> 270.76385 | H9: =ASN.HDB!F2981 -> 0.39236784 | I9: =ASN.HDB!F4239 -> 188.98508 | J9: =ASN.HDB!G2981 -> 0.37341893 | K9: =ASN.HDB!G4239 -> 332.52277 | L9: =ASN.HDB!H2981 -> 0.35653859 | M9: =ASN.HDB!H4239 -> 181.84062
A10: 6 | B10: =ASN.HDB!C2982 -> 0.13301061 | C10: =ASN.HDB!C4240 -> 112.31921 | D10: =ASN.HDB!D2982 -> 0.43775201 | E10: =ASN.HDB!D4240 -> 296.33398 | F10: =ASN.HDB!E2982 -> 0.83266729 | G10: =ASN.HDB!E4240 -> 282.77338 | H10: =ASN.HDB!F2982 -> 0.68702263 | I10: =ASN.HDB!F4240 -> 179.88657 | J10: =ASN.HDB!G2982 -> 0.19656584 | K10: =ASN.HDB!G4240 -> 297.52878 | L10: =ASN.HDB!H2982 -> 0.36748326 | M10: =ASN.HDB!H4240 -> 212.48933
A11: 7 | B11: =ASN.HDB!C2983 -> 0.097617783 | C11: =ASN.HDB!C4241 -> 101.21967 | D11: =ASN.HDB!D2983 -> 0.54962295 | E11: =ASN.HDB!D4241 -> 316.82535 | F11: =ASN.HDB!E2983 -> 1.2970436 | G11: =ASN.HDB!E4241 -> 265.19952 | H11: =ASN.HDB!F2983 -> 1.3790228 | I11: =ASN.HDB!F4241 -> 169.58815 | J11: =ASN.HDB!G2983 -> 0.56969321 | K11: =ASN.HDB!G4241 -> 86.352821 | L11: =ASN.HDB!H2983 -> 0.34406781 | M11: =ASN.HDB!H4241 -> 233.52602
A12: 8 | B12: =ASN.HDB!C2984 -> 0.076330036 | C12: =ASN.HDB!C4242 -> 157.37866 | D12: =ASN.HDB!D2984 -> 0.6338895 | E12: =ASN.HDB!D4242 -> 328.71371 | F12: =ASN.HDB!E2984 -> 1.2610978 | G12: =ASN.HDB!E4242 -> 253.42137 | H12: =ASN.HDB!F2984 -> 2.8417497 | I12: =ASN.HDB!F4242 -> 161.68555 | J12: =ASN.HDB!G2984 -> 0.7967757 | K12: =ASN.HDB!G4242 -> 45.665161 | L12: =ASN.HDB!H2984 -> 0.33509022 | M12: =ASN.HDB!H4242 -> 249.08879
A13: 9 | B13: =ASN.HDB!C2985 -> 0.12320793 | C13: =ASN.HDB!C4243 -> 169.3831 | D13: =ASN.HDB!D2985 -> 0.67935258 | E13: =ASN.HDB!D4243 -> 337.21396 | F13: =ASN.HDB!E2985 -> 1.1480001 | G13: =ASN.HDB!E4243 -> 251.91811 | H13: =ASN.HDB!F2985 -> 6.1972876 | I13: =ASN.HDB!F4243 -> 128.66075 | J13: =ASN.HDB!G2985 -> 0.67824256 | K13: =ASN.HDB!G4243 -> 25.079428 | L13: =ASN.HDB!H2985 -> 0.43660313 | M13: =ASN.HDB!H4243 -> 262.21667
A14: 10 | B14: =ASN.HDB!C2986 -> 0.14522319 | C14: =ASN.HDB!C4244 -> 169.48627 | D14: =ASN.HDB!D2986 -> 0.75970441 | E14: =ASN.HDB!D4244 -> 345.69043 | F14: =ASN.HDB!E2986 -> 1.0815316 | G14: =ASN.HDB!E4244 -> 253.85782 | H14: =ASN.HDB!F2986 -> 7.5479751 | I14: =ASN.HDB!F4244 -> 58.962582 | J14: =ASN.HDB!G2986 -> 0.53285617 | K14: =ASN.HDB!G4244 -> 15.742534 | L14: =ASN.HDB!H2986 -> 0.57311469 | M14: =ASN.HDB!H4244 -> 235.83868
A15: 11 | B15: =ASN.HDB!C2987 -> 0.15489589 | C15: =ASN.HDB!C4245 -> 169.82491 | D15: =ASN.HDB!D2987 -> 0.8272649 | E15: =ASN.HDB!D4245 -> 347.34534 | F15: =ASN.HDB!E2987 -> 1.0475934 | G15: =ASN.HDB!E4245 -> 256.23294 | H15: =ASN.HDB!F2987 -> 4.6419625 | I15: =ASN.HDB!F4245 -> 13.630968 | J15: =ASN.HDB!G2987 -> 0.42401779 | K15: =ASN.HDB!G4245 -> 11.485074 | L15: =ASN.HDB!H2987 -> 0.4378565 | M15: =ASN.HDB!H4245 -> 216.85861
A16: 12 | B16: =ASN.HDB!C2988 -> 0.15983579 | C16: =ASN.HDB!C4246 -> 170.60509 | D16: =ASN.HDB!D2988 -> 0.85509712 | E16: =ASN.HDB!D4246 -> 349.02744 | F16: =ASN.HDB!E2988 -> 1.0296794 | G16: =ASN.HDB!E4246 -> 258.3204 | H16: =ASN.HDB!F2988 -> 2.8998258 | I16: =ASN.HDB!F4246 -> 2.9000924 | J16: =ASN.HDB!G2988 -> 0.34581465 | K16: =ASN.HDB!G4246 -> 9.4486504 | L16: =ASN.HDB!H2988 -> 0.36018044 | M16: =ASN.HDB!H4246 -> 213.89549
A17: 13 | B17: =ASN.HDB!C2989 -> 0.1627775 | C17: =ASN.HDB!C4247 -> 171.52875 | D17: =ASN.HDB!D2989 -> 0.87601632 | E17: =ASN.HDB!D4247 -> 350.6095 | F17: =ASN.HDB!E2989 -> 1.0196517 | G17: =ASN.HDB!E4247 -> 260.03018 | H17: =ASN.HDB!F2989 -> 2.0855329 | I17: =ASN.HDB!F4247 -> 0.050309394 | J17: =ASN.HDB!G2989 -> 0.28828821 | K17: =ASN.HDB!G4247 -> 8.4283314 | L17: =ASN.HDB!H2989 -> 0.32298651 | M17: =ASN.HDB!H4247 -> 211.9608
A18: 14 | B18: =ASN.HDB!C2990 -> 0.16474435 | C18: =ASN.HDB!C4248 -> 172.44128 | D18: =ASN.HDB!D2990 -> 0.89269334 | E18: =ASN.HDB!D4248 -> 351.9079 | F18: =ASN.HDB!E2990 -> 1.0137036 | G18: =ASN.HDB!E4248 -> 261.4119 | H18: =ASN.HDB!F2990 -> 1.6185353 | I18: =ASN.HDB!F4248 -> 359.09061 | J18: =ASN.HDB!G2990 -> 0.24464042 | K18: =ASN.HDB!G4248 -> 7.9019847 | L18: =ASN.HDB!H2990 -> 0.30018654 | M18: =ASN.HDB!H4248 -> 209.79317
... A39: 35 | B39: =ASN.HDB!C3011 -> 0.20861696 | C39: =ASN.HDB!C4269 -> 179.17238 | D39: =ASN.HDB!D3011 -> 1.175854 | E39: =ASN.HDB!D4269 -> 358.43329 | F39: =ASN.HDB!E3011 -> 1.000537 | G39: =ASN.HDB!E4269 -> 268.37106 | H39: =ASN.HDB!F3011 -> 0.22539221 | I39: =ASN.HDB!F4269 -> 359.50754 | J39: =ASN.HDB!G3011 -> 0.044280641 | K39: =ASN.HDB!G4269 -> 5.6133518 | L39: =ASN.HDB!H3011 -> 0.28341615 | M39: =ASN.HDB!H4269 -> 188.11285

Sheet 110°
A1: ='0°'!A1 -> RAOs for Ile de Molene
A3: Direction = 110°
A4: Period | B4: Surge | D4: Sway | F4: Heave | H4: Roll | J4: Pitch | L4: Yaw
B5: Ampl. | C5: Phase | D5: Ampl. | E5: Phase | F5: Ampl. | G5: Phase | H5: Ampl. | I5: Phase | J5: Ampl. | K5: Phase | L5: Ampl. | M5: Phase
A6: (s) | B6: m/m | C6: deg | D6: m/m | E6: deg | F6: m/m | G6: deg | H6: deg/m | I6: deg | J6: deg/m | K6: deg | L6: deg/m | M6: deg
A7: 3 | B7: =ASN.HDB!C3013 -> 0.010792798 | C7: =ASN.HDB!C4271 -> 221.4752 | D7: =ASN.HDB!D3013 -> 0.030739265 | E7: =ASN.HDB!D4271 -> 48.470596 | F7: =ASN.HDB!E3013 -> 0.0060577365 | G7: =ASN.HDB!E4271 -> 74.453384 | H7: =ASN.HDB!F3013 -> 0.085802525 | I7: =ASN.HDB!F4271 -> 10.339938 | J7: =ASN.HDB!G3013 -> 0.050813217 | K7: =ASN.HDB!G4271 -> 179.69421 | L7: =ASN.HDB!H3013 -> 0.070436776 | M7: =ASN.HDB!H4271 -> 34.814919
A8: 4 | B8: =ASN.HDB!C3014 -> 0.028066901 | C8: =ASN.HDB!C4272 -> 195.36942 | D8: =ASN.HDB!D3014 -> 0.039842021 | E8: =ASN.HDB!D4272 -> 35.221279 | F8: =ASN.HDB!E3014 -> 0.02247013 | G8: =ASN.HDB!E4272 -> 16.419985 | H8: =ASN.HDB!F3014 -> 0.1909951 | I8: =ASN.HDB!F4272 -> 78.739265 | J8: =ASN.HDB!G3014 -> 0.20702027 | K8: =ASN.HDB!G4272 -> 211.99371 | L8: =ASN.HDB!H3014 -> 0.40241033 | M8: =ASN.HDB!H4272 -> 5.6107197
A9: 5 | B9: =ASN.HDB!C3015 -> 0.043022987 | C9: =ASN.HDB!C4273 -> 5.8621044 | D9: =ASN.HDB!D3015 -> 0.1740012 | E9: =ASN.HDB!D4273 -> 192.94995 | F9: =ASN.HDB!E3015 -> 0.18043002 | G9: =ASN.HDB!E4273 -> 207.69832 | H9: =ASN.HDB!F3015 -> 0.50191826 | I9: =ASN.HDB!F4273 -> 149.69093 | J9: =ASN.HDB!G3015 -> 0.6603108 | K9: =ASN.HDB!G4273 -> 302.52887 | L9: =ASN.HDB!H3015 -> 0.6831162 | M9: =ASN.HDB!H4273 -> 113.93857
A10: 6 | B10: =ASN.HDB!C3016 -> 0.12976034 | C10: =ASN.HDB!C4274 -> 78.228798 | D10: =ASN.HDB!D3016 -> 0.33800596 | E10: =ASN.HDB!D4274 -> 253.41222 | F10: =ASN.HDB!E3016 -> 0.75098312 | G10: =ASN.HDB!E4274 -> 240.42761 | H10: =ASN.HDB!F3016 -> 0.83606124 | I10: =ASN.HDB!F4274 -> 168.1217 | J10: =ASN.HDB!G3016 -> 0.89544672 | K10: =ASN.HDB!G4274 -> 330.77234 | L10: =ASN.HDB!H3016 -> 0.74810725 | M10: =ASN.HDB!H4274 -> 167.0229
A11: 7 | B11: =ASN.HDB!C3017 -> 0.13146684 | C11: =ASN.HDB!C4275 -> 101.94994 | D11: =ASN.HDB!D3017 -> 0.47706631 | E11: =ASN.HDB!D4275 -> 285.64111 | F11: =ASN.HDB!E3017 -> 1.2610639 | G11: =ASN.HDB!E4275 -> 231.12733 | H11: =ASN.HDB!F3017 -> 1.441466 | I11: =ASN.HDB!F4275 -> 167.07222 | J11: =ASN.HDB!G3017 -> 1.199051 | K11: =ASN.HDB!G4275 -> 7.2096 | L11: =ASN.HDB!H3017 -> 0.70707524 | M11: =ASN.HDB!H4275 -> 197.99193
A12: 8 | B12: =ASN.HDB!C3018 -> 0.18900613 | C12: =ASN.HDB!C4276 -> 143.42372 | D12: =ASN.HDB!D3018 -> 0.57698411 | E12: =ASN.HDB!D4276 -> 304.35446 | F12: =ASN.HDB!E3018 -> 1.2328163 | G12: =ASN.HDB!E4276 -> 226.29114 | H12: =ASN.HDB!F3018 -> 2.8027439 | I12: =ASN.HDB!F4276 -> 159.32056 | J12: =ASN.HDB!G3018 -> 1.466475 | K12: =ASN.HDB!G4276 -> 359.51553 | L12: =ASN.HDB!H3018 -> 0.64288682 | M12: =ASN.HDB!H4276 -> 219.42667
A13: 9 | B13: =ASN.HDB!C3019 -> 0.2597782 | C13: =ASN.HDB!C4277 -> 150.93019 | D13: =ASN.HDB!D3019 -> 0.62695032 | E13: =ASN.HDB!D4277 -> 317.24316 | F13: =ASN.HDB!E3019 -> 1.1202837 | G13: =ASN.HDB!E4277 -> 230.48232 | H13: =ASN.HDB!F3019 -> 6.0505366 | I13: =ASN.HDB!F4277 -> 126.15181 | J13: =ASN.HDB!G3019 -> 1.2492899 | K13: =ASN.HDB!G4277 -> 352.08328 | L13: =ASN.HDB!H3019 -> 0.6779964 | M13: =ASN.HDB!H4277 -> 239.56616
A14: 10 | B14: =ASN.HDB!C3020 -> 0.29131415 | C14: =ASN.HDB!C4278 -> 154.21445 | D14: =ASN.HDB!D3020 -> 0.69979388 | E14: =ASN.HDB!D4278 -> 330.18597 | F14: =ASN.HDB!E3020 -> 1.0586735 | G14: =ASN.HDB!E4278 -> 236.77849 | H14: =ASN.HDB!F3020 -> 7.3693314 | I14: =ASN.HDB!F4278 -> 55.07428 | J14: =ASN.HDB!G3020 -> 0.99351978 | K14: =ASN.HDB!G4278 -> 350.07571 | L14: =ASN.HDB!H3020 -> 0.81864238 | M14: =ASN.HDB!H4278 -> 229.70139
A15: 11 | B15: =ASN.HDB!C3021 -> 0.30614173 | C15: =ASN.HDB!C4279 -> 157.37024 | D15: =ASN.HDB!D3021 -> 0.77385163 | E15: =ASN.HDB!D4279 -> 334.79111 | F15: =ASN.HDB!E3021 -> 1.0302973 | G15: =ASN.HDB!E4279 -> 242.33455 | H15: =ASN.HDB!F3021 -> 4.4477949 | I15: =ASN.HDB!F4279 -> 9.7498856 | J15: =ASN.HDB!G3021 -> 0.79949814 | K15: =ASN.HDB!G4279 -> 350.4805 | L15: =ASN.HDB!H3021 -> 0.63683802 | M15: =ASN.HDB!H4279 -> 220.16637
A16: 12 | B16: =ASN.HDB!C3022 -> 0.31446776 | C16: =ASN.HDB!C4280 -> 160.28841 | D16: =ASN.HDB!D3022 -> 0.80534565 | E16: =ASN.HDB!D4280 -> 338.45264 | F16: =ASN.HDB!E3022 -> 1.0168407 | G16: =ASN.HDB!E4280 -> 246.77354 | H16: =ASN.HDB!F3022 -> 2.7670374 | I16: =ASN.HDB!F4280 -> 359.61816 | J16: =ASN.HDB!G3022 -> 0.65768248 | K16: =ASN.HDB!G4280 -> 351.64639 | L16: =ASN.HDB!H3022 -> 0.52390939 | M16: =ASN.HDB!H4280 -> 220.96054
A17: 13 | B17: =ASN.HDB!C3023 -> 0.31987301 | C17: =ASN.HDB!C4281 -> 162.83415 | D17: =ASN.HDB!D3023 -> 0.82815236 | E17: =ASN.HDB!D4281 -> 341.58731 | F17: =ASN.HDB!E3023 -> 1.0100744 | G17: =ASN.HDB!E4281 -> 250.26997 | H17: =ASN.HDB!F3023 -> 1.9885257 | I17: =ASN.HDB!F4281 -> 357.16916 | J17: =ASN.HDB!G3023 -> 0.55175227 | K17: =ASN.HDB!G4281 -> 352.95035 | L17: =ASN.HDB!H3023 -> 0.45784122 | M17: =ASN.HDB!H4281 -> 221.3324
A18: 14 | B18: =ASN.HDB!C3024 -> 0.32372648 | C18: =ASN.HDB!C4282 -> 164.99915 | D18: =ASN.HDB!D3024 -> 0.84596497 | E18: =ASN.HDB!D4282 -> 344.12512 | F18: =ASN.HDB!E3024 -> 1.0064615 | G18: =ASN.HDB!E4282 -> 253.0441 | H18: =ASN.HDB!F3024 -> 1.5430353 | I18: =ASN.HDB!F4282 -> 356.52182 | J18: =ASN.HDB!G3024 -> 0.47039196 | K18: =ASN.HDB!G4282 -> 354.17914 | L18: =ASN.HDB!H3024 -> 0.41089648 | M18: =ASN.HDB!H4282 -> 220.79091
... A39: 35 | B39: =ASN.HDB!C3045 -> 0.41091037 | C39: =ASN.HDB!C4303 -> 177.39687 | D39: =ASN.HDB!D3045 -> 1.1216959 | E39: =ASN.HDB!D4303 -> 356.93488 | F39: =ASN.HDB!E3045 -> 1.0002581 | G39: =ASN.HDB!E4303 -> 266.79132 | H39: =ASN.HDB!F3045 -> 0.21506734 | I39: =ASN.HDB!F4303 -> 358.92026 | J39: =ASN.HDB!G3045 -> 0.086780928 | K39: =ASN.HDB!G4303 -> 0.92419881 | L39: =ASN.HDB!H3045 -> 0.28046724 | M39: =ASN.HDB!H4303 -> 195.02003

Sheet 120°
A1: ='0°'!A1 -> RAOs for Ile de Molene
A3: Direction = 120°
A4: Period | B4: Surge | D4: Sway | F4: Heave | H4: Roll | J4: Pitch | L4: Yaw
B5: Ampl. | C5: Phase | D5: Ampl. | E5: Phase | F5: Ampl. | G5: Phase | H5: Ampl. | I5: Phase | J5: Ampl. | K5: Phase | L5: Ampl. | M5: Phase
A6: (s) | B6: m/m | C6: deg | D6: m/m | E6: deg | F6: m/m | G6: deg | H6: deg/m | I6: deg | J6: deg/m | K6: deg | L6: deg/m | M6: deg
A7: 3 | B7: =ASN.HDB!C3047 -> 0.009776474 | C7: =ASN.HDB!C4305 -> 309.40012 | D7: =ASN.HDB!D3047 -> 0.019867387 | E7: =ASN.HDB!D4305 -> 119.65221 | F7: =ASN.HDB!E3047 -> 0.0083131595 | G7: =ASN.HDB!E4305 -> 144.38882 | H7: =ASN.HDB!F3047 -> 0.038548563 | I7: =ASN.HDB!F4305 -> 41.18853 | J7: =ASN.HDB!G3047 -> 0.0074043209 | K7: =ASN.HDB!G4305 -> 246.03554 | L7: =ASN.HDB!H3047 -> 0.065129243 | M7: =ASN.HDB!H4305 -> 127.38429
A8: 4 | B8: =ASN.HDB!C3048 -> 0.026874436 | C8: =ASN.HDB!C4306 -> 47.210415 | D8: =ASN.HDB!D3048 -> 0.058773126 | E8: =ASN.HDB!D4306 -> 201.82164 | F8: =ASN.HDB!E3048 -> 0.046587881 | G8: =ASN.HDB!E4306 -> 246.86761 | H8: =ASN.HDB!F3048 -> 0.20897433 | I8: =ASN.HDB!F4306 -> 131.1395 | J8: =ASN.HDB!G3048 -> 0.054174859 | K8: =ASN.HDB!G4306 -> 13.716509 | L8: =ASN.HDB!H3048 -> 0.12185573 | M8: =ASN.HDB!H4306 -> 223.34515
A9: 5 | B9: =ASN.HDB!C3049 -> 0.035834916 | C9: =ASN.HDB!C4307 -> 239.46188 | D9: =ASN.HDB!D3049 -> 0.036684744 | E9: =ASN.HDB!D4307 -> 109.14875 | F9: =ASN.HDB!E3049 -> 0.056873295 | G9: =ASN.HDB!E4307 -> 110.62164 | H9: =ASN.HDB!F3049 -> 0.23455071 | I9: =ASN.HDB!F4307 -> 143.94572 | J9: =ASN.HDB!G3049 -> 0.57787645 | K9: =ASN.HDB!G4307 -> 260.3331 | L9: =ASN.HDB!H3049 -> 0.60492367 | M9: =ASN.HDB!H4307 -> 52.229134
A10: 6 | B10: =ASN.HDB!C3050 -> 0.091225691 | C10: =ASN.HDB!C4308 -> 39.008472 | D10: =ASN.HDB!D3050 -> 0.2032716 | E10: =ASN.HDB!D4308 -> 215.11313 | F10: =ASN.HDB!E3050 -> 0.56178677 | G10: =ASN.HDB!E4308 -> 198.13744 | H10: =ASN.HDB!F3050 -> 0.66018081 | I10: =ASN.HDB!F4308 -> 155.27873 | J10: =ASN.HDB!G3050 -> 1.3291632 | K10: =ASN.HDB!G4308 -> 301.28033 | L10: =ASN.HDB!H3050 -> 0.88009024 | M10: =ASN.HDB!H4308 -> 125.93591
A11: 7 | B11: =ASN.HDB!C3051 -> 0.14685413 | C11: =ASN.HDB!C4309 -> 86.326042 | D11: =ASN.HDB!D3051 -> 0.37028056 | E11: =ASN.HDB!D4309 -> 257.36877 | F11: =ASN.HDB!E3051 -> 1.1279534 | G11: =ASN.HDB!E4309 -> 198.54488 | H11: =ASN.HDB!F3051 -> 1.3395661 | I11: =ASN.HDB!F4309 -> 160.20255 | J11: =ASN.HDB!G3051 -> 1.8002616 | K11: =ASN.HDB!G4309 -> 330.76221 | L11: =ASN.HDB!H3051 -> 0.9092024 | M11: =ASN.HDB!H4309 -> 166.54156
A12: 8 | B12: =ASN.HDB!C3052 -> 0.26590249 | C12: =ASN.HDB!C4310 -> 124.72636 | D12: =ASN.HDB!D3052 -> 0.48820713 | E12: =ASN.HDB!D4310 -> 281.8963 | F12: =ASN.HDB!E3052 -> 1.1552298 | G12: =ASN.HDB!E4310 -> 200.56004 | H12: =ASN.HDB!F3052 -> 2.6304348 | I12: =ASN.HDB!F4310 -> 154.8121 | J12: =ASN.HDB!G3052 -> 2.051198 | K12: =ASN.HDB!G4310 -> 332.35287 | L12: =ASN.HDB!H3052 -> 0.83603358 | M12: =ASN.HDB!H4310 -> 194.14723
A13: 9 | B13: =ASN.HDB!C3053 -> 0.3665975 | C13: =ASN.HDB!C4311 -> 134.25714 | D13: =ASN.HDB!D3053 -> 0.54760927 | E13: =ASN.HDB!D4311 -> 298.59705 | F13: =ASN.HDB!E3053 -> 1.0661281 | G13: =ASN.HDB!E4311 -> 210.15993 | H13: =ASN.HDB!F3053 -> 5.7278328 | I13: =ASN.HDB!F4311 -> 123.13882 | J13: =ASN.HDB!G3053 -> 1.7515422 | K13: =ASN.HDB!G4311 -> 331.44583 | L13: =ASN.HDB!H3053 -> 0.82083696 | M13: =ASN.HDB!H4311 -> 219.39891
A14: 10 | B14: =ASN.HDB!C3054 -> 0.4139086 | C14: =ASN.HDB!C4312 -> 140.47792 | D14: =ASN.HDB!D3054 -> 0.61387676 | E14: =ASN.HDB!D4312 -> 315.67673 | F14: =ASN.HDB!E3054 -> 1.0193897 | G14: =ASN.HDB!E4312 -> 220.63132 | H14: =ASN.HDB!F3054 -> 7.03549 | I14: =ASN.HDB!F4312 -> 50.391388 | J14: =ASN.HDB!G3054 -> 1.4064102 | K14: =ASN.HDB!G4312 -> 333.67126 | L14: =ASN.HDB!H3054 -> 0.97859937 | M14: =ASN.HDB!H4312 -> 219.36201
A15: 11 | B15: =ASN.HDB!C3055 -> 0.43802932 | C15: =ASN.HDB!C4313 -> 146.00243 | D15: =ASN.HDB!D3055 -> 0.69249845 | E15: =ASN.HDB!D4313 -> 323.01511 | F15: =ASN.HDB!E3055 -> 1.0020503 | G15: =ASN.HDB!E4313 -> 229.23138 | H15: =ASN.HDB!F3055 -> 4.1196318 | I15: =ASN.HDB!F4313 -> 5.3195519 | J15: =ASN.HDB!G3055 -> 1.1410465 | K15: =ASN.HDB!G4313 -> 336.98837 | L15: =ASN.HDB!H3055 -> 0.78467125 | M15: =ASN.HDB!H4313 -> 215.18922
A16: 12 | B16: =ASN.HDB!C3056 -> 0.45241502 | C16: =ASN.HDB!C4314 -> 150.74942 | D16: =ASN.HDB!D3056 -> 0.7275427 | E16: =ASN.HDB!D4314 -> 328.53433 | F16: =ASN.HDB!E3056 -> 0.99638414 | G16: =ASN.HDB!E4314 -> 235.90631 | H16: =ASN.HDB!F3056 -> 2.5480511 | I16: =ASN.HDB!F4314 -> 356.1915 | J16: =ASN.HDB!G3056 -> 0.94428277 | K16: =ASN.HDB!G4314 -> 340.25964 | L16: =ASN.HDB!H3056 -> 0.6523931 | M16: =ASN.HDB!H4314 -> 218.69232
A17: 13 | B17: =ASN.HDB!C3057 -> 0.46204725 | C17: =ASN.HDB!C4315 -> 154.71861 | D17: =ASN.HDB!D3057 -> 0.75238633 | E17: =ASN.HDB!D4315 -> 333.1254 | F17: =ASN.HDB!E3057 -> 0.99501711 | G17: =ASN.HDB!E4315 -> 241.0934 | H17: =ASN.HDB!F3057 -> 1.8296765 | I17: =ASN.HDB!F4315 -> 354.28445 | J17: =ASN.HDB!G3057 -> 0.79556352 | K17: =ASN.HDB!G4315 -> 343.14685 | L17: =ASN.HDB!H3057 -> 0.56734419 | M17: =ASN.HDB!H4315 -> 221.17961
A18: 14 | B18: =ASN.HDB!C3058 -> 0.4689849 | C18: =ASN.HDB!C4316 -> 158.00867 | D18: =ASN.HDB!D3058 -> 0.77143514 | E18: =ASN.HDB!D4316 -> 336.82489 | F18: =ASN.HDB!E3058 -> 0.99517405 | G18: =ASN.HDB!E4316 -> 245.1814 | H18: =ASN.HDB!F3058 -> 1.4197412 | I18: =ASN.HDB!F4316 -> 354.00897 | J18: =ASN.HDB!G3058 -> 0.68030477 | K18: =ASN.HDB!G4316 -> 345.60278 | L18: =ASN.HDB!H3058 -> 0.50342005 | M18: =ASN.HDB!H4316 -> 222.43512
... A39: 35 | B39: =ASN.HDB!C3079 -> 0.60053879 | C39: =ASN.HDB!C4337 -> 175.9314 | D39: =ASN.HDB!D3079 -> 1.0333525 | E39: =ASN.HDB!D4337 -> 355.52658 | F39: =ASN.HDB!E3079 -> 0.99983174 | G39: =ASN.HDB!E4337 -> 265.30902 | H39: =ASN.HDB!F3079 -> 0.19819914 | I39: =ASN.HDB!F4337 -> 358.37378 | J39: =ASN.HDB!G3079 -> 0.12672673 | K39: =ASN.HDB!G4337 -> 358.60422 | L39: =ASN.HDB!H3079 -> 0.27187356 | M39: =ASN.HDB!H4337 -> 200.851

Sheet 130°
A1: ='0°'!A1 -> RAOs for Ile de Molene
A3: Direction = 130°
A4: Period | B4: Surge | D4: Sway | F4: Heave | H4: Roll | J4: Pitch | L4: Yaw
B5: Ampl. | C5: Phase | D5: Ampl. | E5: Phase | F5: Ampl. | G5: Phase | H5: Ampl. | I5: Phase | J5: Ampl. | K5: Phase | L5: Ampl. | M5: Phase
A6: (s) | B6: m/m | C6: deg | D6: m/m | E6: deg | F6: m/m | G6: deg | H6: deg/m | I6: deg | J6: deg/m | K6: deg | L6: deg/m | M6: deg
A7: 3 | B7: =ASN.HDB!C3081 -> 0.007583099 | C7: =ASN.HDB!C4339 -> 52.760311 | D7: =ASN.HDB!D3081 -> 0.0095392112 | E7: =ASN.HDB!D4339 -> 220.02649 | F7: =ASN.HDB!E3081 -> 0.0040659839 | G7: =ASN.HDB!E4339 -> 237.12708 | H7: =ASN.HDB!F3081 -> 0.013448857 | I7: =ASN.HDB!F4339 -> 230.60799 | J7: =ASN.HDB!G3081 -> 0.014076569 | K7: =ASN.HDB!G4339 -> 117.27247 | L7: =ASN.HDB!H3081 -> 0.052956633 | M7: =ASN.HDB!H4339 -> 224.51489
A8: 4 | B8: =ASN.HDB!C3082 -> 0.023259923 | C8: =ASN.HDB!C4340 -> 259.59433 | D8: =ASN.HDB!D3082 -> 0.033132326 | E8: =ASN.HDB!D4340 -> 87.781425 | F8: =ASN.HDB!E3082 -> 0.01803527 | G8: =ASN.HDB!E4340 -> 157.55804 | H8: =ASN.HDB!F3082 -> 0.17891595 | I8: =ASN.HDB!F4340 -> 74.415634 | J8: =ASN.HDB!G3082 -> 0.15124343 | K8: =ASN.HDB!G4340 -> 275.51584 | L8: =ASN.HDB!H3082 -> 0.17735431 | M8: =ASN.HDB!H4340 -> 41.649673
A9: 5 | B9: =ASN.HDB!C3083 -> 0.049031798 | C9: =ASN.HDB!C4341 -> 148.18655 | D9: =ASN.HDB!D3083 -> 0.053965483 | E9: =ASN.HDB!D4341 -> 284.39343 | F9: =ASN.HDB!E3083 -> 0.081700206 | G9: =ASN.HDB!E4341 -> 335.74081 | H9: =ASN.HDB!F3083 -> 0.35411209 | I9: =ASN.HDB!F4341 -> 187.24649 | J9: =ASN.HDB!G3083 -> 0.26722077 | K9: =ASN.HDB!G4341 -> 221.53683 | L9: =ASN.HDB!H3083 -> 0.29196152 | M9: =ASN.HDB!H4341 -> 355.19232
A10: 6 | B10: =ASN.HDB!C3084 -> 0.040109832 | C10: =ASN.HDB!C4342 -> 345.69983 | D10: =ASN.HDB!D3084 -> 0.083894663 | E10: =ASN.HDB!D4342 -> 187.19234 | F10: =ASN.HDB!E3084 -> 0.34962553 | G10: =ASN.HDB!E4342 -> 153.04057 | H10: =ASN.HDB!F3084 -> 0.41164112 | I10: =ASN.HDB!F4342 -> 169.08138 | J10: =ASN.HDB!G3084 -> 1.3498967 | K10: =ASN.HDB!G4342 -> 271.19772 | L10: =ASN.HDB!H3084 -> 0.78470016 | M10: =ASN.HDB!H4342 -> 90.061852
A11: 7 | B11: =ASN.HDB!C3085 -> 0.13327505 | C11: =ASN.HDB!C4343 -> 67.631142 | D11: =ASN.HDB!D3085 -> 0.25756392 | E11: =ASN.HDB!D4343 -> 233.26384 | F11: =ASN.HDB!E3085 -> 0.94248646 | G11: =ASN.HDB!E4343 -> 167.72185 | H11: =ASN.HDB!F3085 -> 1.0697124 | I11: =ASN.HDB!F4343 -> 155.30786 | J11: =ASN.HDB!G3085 -> 2.0958078 | K11: =ASN.HDB!G4343 -> 303.54645 | L11: =ASN.HDB!H3085 -> 0.93551451 | M11: =ASN.HDB!H4343 -> 138.78085
A12: 8 | B12: =ASN.HDB!C3086 -> 0.30410045 | C12: =ASN.HDB!C4344 -> 107.22316 | D12: =ASN.HDB!D3086 -> 0.38488537 | E12: =ASN.HDB!D4344 -> 262.06973 | F12: =ASN.HDB!E3086 -> 1.0485023 | G12: =ASN.HDB!E4344 -> 176.79385 | H12: =ASN.HDB!F3086 -> 2.2783339 | I12: =ASN.HDB!F4344 -> 150.38788 | J12: =ASN.HDB!G3086 -> 2.4369063 | K12: =ASN.HDB!G4344 -> 311.48029 | L12: =ASN.HDB!H3086 -> 0.89569956 | M12: =ASN.HDB!H4344 -> 171.87318
A13: 9 | B13: =ASN.HDB!C3087 -> 0.43932498 | C13: =ASN.HDB!C4345 -> 119.37119 | D13: =ASN.HDB!D3087 -> 0.45274755 | E13: =ASN.HDB!D4345 -> 281.79303 | F13: =ASN.HDB!E3087 -> 0.9965297 | G13: =ASN.HDB!E4345 -> 191.48322 | H13: =ASN.HDB!F3087 -> 5.2304597 | I13: =ASN.HDB!F4345 -> 120.962 | J13: =ASN.HDB!G3087 -> 2.1320045 | K13: =ASN.HDB!G4345 -> 315.25937 | L13: =ASN.HDB!H3087 -> 0.85131168 | M13: =ASN.HDB!H4345 -> 201.46024
A14: 10 | B14: =ASN.HDB!C3088 -> 0.50801885 | C14: =ASN.HDB!C4346 -> 128.20787 | D14: =ASN.HDB!D3088 -> 0.51183492 | E14: =ASN.HDB!D4346 -> 302.65939 | F14: =ASN.HDB!E3088 -> 0.97033513 | G14: =ASN.HDB!E4346 -> 205.86702 | H14: =ASN.HDB!F3088 -> 6.5286627 | I14: =ASN.HDB!F4346 -> 44.871326 | J14: =ASN.HDB!G3088 -> 1.7414405 | K14: =ASN.HDB!G4346 -> 320.67645 | L14: =ASN.HDB!H3088 -> 1.0301228 | M14: =ASN.HDB!H4346 -> 208.47626
A15: 11 | B15: =ASN.HDB!C3089 -> 0.5454638 | C15: =ASN.HDB!C4347 -> 135.80502 | D15: =ASN.HDB!D3089 -> 0.59106547 | E15: =ASN.HDB!D4347 -> 312.38214 | F15: =ASN.HDB!E3089 -> 0.9671129 | G15: =ASN.HDB!E4347 -> 217.30104 | H15: =ASN.HDB!F3089 -> 3.656769 | I15: =ASN.HDB!F4347 -> 0.42833108 | J15: =ASN.HDB!G3089 -> 1.4288269 | K15: =ASN.HDB!G4347 -> 326.263 | L15: =ASN.HDB!H3089 -> 0.84542453 | M15: =ASN.HDB!H4347 -> 207.99033
A16: 12 | B16: =ASN.HDB!C3090 -> 0.56861466 | C16: =ASN.HDB!C4348 -> 142.16226 | D16: =ASN.HDB!D3090 -> 0.62793398 | E16: =ASN.HDB!D4348 -> 319.57602 | F16: =ASN.HDB!E3090 -> 0.97118217 | G16: =ASN.HDB!E4348 -> 226.03783 | H16: =ASN.HDB!F3090 -> 2.2483809 | I16: =ASN.HDB!F4348 -> 352.71536 | J16: =ASN.HDB!G3090 -> 1.1912235 | K16: =ASN.HDB!G4348 -> 331.21375 | L16: =ASN.HDB!H3090 -> 0.71103698 | M16: =ASN.HDB!H4348 -> 213.67166
A17: 13 | B17: =ASN.HDB!C3091 -> 0.58429855 | C17: =ASN.HDB!C4349 -> 147.39456 | D17: =ASN.HDB!D3091 -> 0.65388733 | E17: =ASN.HDB!D4349 -> 325.48169 | F17: =ASN.HDB!E3091 -> 0.97650421 | G17: =ASN.HDB!E4349 -> 232.7731 | H17: =ASN.HDB!F3091 -> 1.6140505 | I17: =ASN.HDB!F4349 -> 351.47809 | J17: =ASN.HDB!G3091 -> 1.0086139 | K17: =ASN.HDB!G4349 -> 335.38467 | L17: =ASN.HDB!H3091 -> 0.61935675 | M17: =ASN.HDB!H4349 -> 217.8945
A18: 14 | B18: =ASN.HDB!C3092 -> 0.59557146 | C18: =ASN.HDB!C4350 -> 151.68948 | D18: =ASN.HDB!D3092 -> 0.67352647 | E18: =ASN.HDB!D4350 -> 330.22995 | F18: =ASN.HDB!E3092 -> 0.98131144 | G18: =ASN.HDB!E4350 -> 238.05919 | H18: =ASN.HDB!F3092 -> 1.2528398 | I18: =ASN.HDB!F4350 -> 351.6171 | J18: =ASN.HDB!G3092 -> 0.86544448 | K18: =ASN.HDB!G4350 -> 338.84689 | L18: =ASN.HDB!H3092 -> 0.54807973 | M18: =ASN.HDB!H4350 -> 220.64214
... A39: 35 | B39: =ASN.HDB!C3113 -> 0.77170777 | C39: =ASN.HDB!C4371 -> 174.65211 | D39: =ASN.HDB!D3113 -> 0.91361052 | E39: =ASN.HDB!D4371 -> 354.25284 | F39: =ASN.HDB!E3113 -> 0.99930698 | G39: =ASN.HDB!E4371 -> 263.96915 | H39: =ASN.HDB!F3113 -> 0.17531119 | I39: =ASN.HDB!F4371 -> 357.88251 | J39: =ASN.HDB!G3113 -> 0.16281793 | K39: =ASN.HDB!G4371 -> 356.97812 | L39: =ASN.HDB!H3113 -> 0.25424629 | M39: =ASN.HDB!H4371 -> 205.48315

Sheet 140°
A1: ='0°'!A1 -> RAOs for Ile de Molene
A3: Direction = 140°
A4: Period | B4: Surge | D4: Sway | F4: Heave | H4: Roll | J4: Pitch | L4: Yaw
B5: Ampl. | C5: Phase | D5: Ampl. | E5: Phase | F5: Ampl. | G5: Phase | H5: Ampl. | I5: Phase | J5: Ampl. | K5: Phase | L5: Ampl. | M5: Phase
A6: (s) | B6: m/m | C6: deg | D6: m/m | E6: deg | F6: m/m | G6: deg | H6: deg/m | I6: deg | J6: deg/m | K6: deg | L6: deg/m | M6: deg
A7: 3 | B7: =ASN.HDB!C3115 -> 0.005148571 | C7: =ASN.HDB!C4373 -> 179.66435 | D7: =ASN.HDB!D3115 -> 0.0060262014 | E7: =ASN.HDB!D4373 -> 356.06921 | F7: =ASN.HDB!E3115 -> 0.0013556917 | G7: =ASN.HDB!E4373 -> 61.266911 | H7: =ASN.HDB!F3115 -> 0.031666391 | I7: =ASN.HDB!F4373 -> 350.12637 | J7: =ASN.HDB!G3115 -> 0.01402685 | K7: =ASN.HDB!G4373 -> 210.4953 | L7: =ASN.HDB!H3115 -> 0.032039158 | M7: =ASN.HDB!H4373 -> 329.42294
A8: 4 | B8: =ASN.HDB!C3116 -> 0.020302748 | C8: =ASN.HDB!C4374 -> 141.6273 | D8: =ASN.HDB!D3116 -> 0.018841304 | E8: =ASN.HDB!D4374 -> 282.75458 | F8: =ASN.HDB!E3116 -> 0.014560323 | G8: =ASN.HDB!E4374 -> 314.80746 | H8: =ASN.HDB!F3116 -> 0.066455573 | I8: =ASN.HDB!F4374 -> 164.05199 | J8: =ASN.HDB!G3116 -> 0.072220705 | K8: =ASN.HDB!G4374 -> 227.89935 | L8: =ASN.HDB!H3116 -> 0.11128634 | M8: =ASN.HDB!H4374 -> 307.83502
A9: 5 | B9: =ASN.HDB!C3117 -> 0.048775233 | C9: =ASN.HDB!C4375 -> 81.430962 | D9: =ASN.HDB!D3117 -> 0.068407811 | E9: =ASN.HDB!D4375 -> 231.70631 | F9: =ASN.HDB!E3117 -> 0.10198245 | G9: =ASN.HDB!E4375 -> 280.51962 | H9: =ASN.HDB!F3117 -> 0.48217824 | I9: =ASN.HDB!F4375 -> 167.56335 | J9: =ASN.HDB!G3117 -> 0.030831799 | K9: =ASN.HDB!G4375 -> 3.3363245 | L9: =ASN.HDB!H3117 -> 0.024899764 | M9: =ASN.HDB!H4375 -> 240.66782
A10: 6 | B10: =ASN.HDB!C3118 -> 0.028790001 | C10: =ASN.HDB!C4376 -> 225.50888 | D10: =ASN.HDB!D3118 -> 0.019829627 | E10: =ASN.HDB!D4376 -> 223.8188 | F10: =ASN.HDB!E3118 -> 0.19969743 | G10: =ASN.HDB!E4376 -> 95.797874 | H10: =ASN.HDB!F3118 -> 0.45979139 | I10: =ASN.HDB!F4376 -> 195.8327 | J10: =ASN.HDB!G3118 -> 1.1000464 | K10: =ASN.HDB!G4376 -> 243.42023 | L10: =ASN.HDB!H3118 -> 0.57268095 | M10: =ASN.HDB!H4376 -> 60.673195
A11: 7 | B11: =ASN.HDB!C3119 -> 0.10112858 | C11: =ASN.HDB!C4377 -> 50.442177 | D11: =ASN.HDB!D3119 -> 0.16120841 | E11: =ASN.HDB!D4377 -> 214.61975 | F11: =ASN.HDB!E3119 -> 0.75358552 | G11: =ASN.HDB!E4377 -> 138.86343 | H11: =ASN.HDB!F3119 -> 0.76506853 | I11: =ASN.HDB!F4377 -> 157.0284 | J11: =ASN.HDB!G3119 -> 2.1236482 | K11: =ASN.HDB!G4377 -> 281.50613 | L11: =ASN.HDB!H3119 -> 0.82435364 | M11: =ASN.HDB!H4377 -> 115.29865
A12: 8 | B12: =ASN.HDB!C3120 -> 0.31102699 | C12: =ASN.HDB!C4378 -> 92.136337 | D12: =ASN.HDB!D3120 -> 0.2828224 | E12: =ASN.HDB!D4378 -> 245.4819 | F12: =ASN.HDB!E3120 -> 0.93482399 | G12: =ASN.HDB!E4378 -> 155.6019 | H12: =ASN.HDB!F3120 -> 1.7985716 | I12: =ASN.HDB!F4378 -> 147.36072 | J12: =ASN.HDB!G3120 -> 2.6312778 | K12: =ASN.HDB!G4378 -> 294.70694 | L12: =ASN.HDB!H3120 -> 0.83556342 | M12: =ASN.HDB!H4378 -> 152.92299
A13: 9 | B13: =ASN.HDB!C3121 -> 0.48089001 | C13: =ASN.HDB!C4379 -> 106.63016 | D13: =ASN.HDB!D3121 -> 0.35340482 | E13: =ASN.HDB!D4379 -> 267.34808 | F13: =ASN.HDB!E3121 -> 0.92339867 | G13: =ASN.HDB!E4379 -> 175.00427 | H13: =ASN.HDB!F3121 -> 4.5215659 | I13: =ASN.HDB!F4379 -> 120.37766 | J13: =ASN.HDB!G3121 -> 2.3880241 | K13: =ASN.HDB!G4379 -> 302.15768 | L13: =ASN.HDB!H3121 -> 0.78056747 | M13: =ASN.HDB!H4379 -> 185.83066
A14: 10 | B14: =ASN.HDB!C3122 -> 0.57384032 | C14: =ASN.HDB!C4380 -> 117.68034 | D14: =ASN.HDB!D3122 -> 0.4030996 | E14: =ASN.HDB!D4380 -> 291.63461 | F14: =ASN.HDB!E3122 -> 0.91887343 | G14: =ASN.HDB!E4380 -> 192.93442 | H14: =ASN.HDB!F3122 -> 5.8767481 | I14: =ASN.HDB!F4380 -> 38.308067 | J14: =ASN.HDB!G3122 -> 1.9925767 | K14: =ASN.HDB!G4380 -> 310.10501 | L14: =ASN.HDB!H3122 -> 0.97576046 | M14: =ASN.HDB!H4380 -> 198.44418
A15: 11 | B15: =ASN.HDB!C3123 -> 0.62710667 | C15: =ASN.HDB!C4381 -> 127.03426 | D15: =ASN.HDB!D3123 -> 0.47755259 | E15: =ASN.HDB!D4381 -> 303.21735 | F15: =ASN.HDB!E3123 -> 0.93034071 | G15: =ASN.HDB!E4381 -> 206.90831 | H15: =ASN.HDB!F3123 -> 3.0704718 | I15: =ASN.HDB!F4381 -> 355.28561 | J15: =ASN.HDB!G3123 -> 1.6561178 | K15: =ASN.HDB!G4381 -> 317.51898 | L15: =ASN.HDB!H3123 -> 0.81107974 | M15: =ASN.HDB!H4381 -> 200.69728
A16: 12 | B16: =ASN.HDB!C3124 -> 0.66082215 | C16: =ASN.HDB!C4382 -> 134.76387 | D16: =ASN.HDB!D3124 -> 0.51323861 | E16: =ASN.HDB!D4382 -> 311.8494 | F16: =ASN.HDB!E3124 -> 0.94458514 | G16: =ASN.HDB!E4382 -> 217.47025 | H16: =ASN.HDB!F3124 -> 1.8785486 | I16: =ASN.HDB!F4382 -> 349.34628 | J16: =ASN.HDB!G3124 -> 1.3920316 | K16: =ASN.HDB!G4382 -> 323.83871 | L16: =ASN.HDB!H3124 -> 0.68968487 | M16: =ASN.HDB!H4382 -> 208.18594
A17: 13 | B17: =ASN.HDB!C3125 -> 0.68381059 | C17: =ASN.HDB!C4383 -> 141.07722 | D17: =ASN.HDB!D3125 -> 0.53841937 | E17: =ASN.HDB!D4383 -> 318.88776 | F17: =ASN.HDB!E3125 -> 0.95692438 | G17: =ASN.HDB!E4383 -> 225.56326 | H17: =ASN.HDB!F3125 -> 1.3492919 | I17: =ASN.HDB!F4383 -> 348.86136 | J17: =ASN.HDB!G3125 -> 1.1849753 | K17: =ASN.HDB!G4383 -> 329.06451 | L17: =ASN.HDB!H3125 -> 0.60308403 | M17: =ASN.HDB!H4383 -> 213.81892
A18: 14 | B18: =ASN.HDB!C3126 -> 0.70029294 | C18: =ASN.HDB!C4384 -> 146.23499 | D18: =ASN.HDB!D3126 -> 0.55732644 | E18: =ASN.HDB!D4384 -> 324.53976 | F18: =ASN.HDB!E3126 -> 0.96662962 | G18: =ASN.HDB!E4384 -> 231.8945 | H18: =ASN.HDB!F3126 -> 1.0481137 | I18: =ASN.HDB!F4384 -> 349.43674 | J18: =ASN.HDB!G3126 -> 1.0204753 | K18: =ASN.HDB!G4384 -> 333.35858 | L18: =ASN.HDB!H3126 -> 0.53397554 | M18: =ASN.HDB!H4384 -> 217.76523
... A39: 35 | B39: =ASN.HDB!C3147 -> 0.91924673 | C39: =ASN.HDB!C4405 -> 173.56323 | D39: =ASN.HDB!D3147 -> 0.76621425 | E39: =ASN.HDB!D4405 -> 353.15091 | F39: =ASN.HDB!E3147 -> 0.99874771 | G39: =ASN.HDB!E4405 -> 262.81244 | H39: =ASN.HDB!F3147 -> 0.14710155 | I39: =ASN.HDB!F4405 -> 357.47028 | J39: =ASN.HDB!G3147 -> 0.19394597 | K39: =ASN.HDB!G4405 -> 355.73514 | L39: =ASN.HDB!H3147 -> 0.22505552 | M39: =ASN.HDB!H4405 -> 208.98546

Sheet 150°
A1: ='0°'!A1 -> RAOs for Ile de Molene
A3: Direction = 150°
A4: Period | B4: Surge | D4: Sway | F4: Heave | H4: Roll | J4: Pitch | L4: Yaw
B5: Ampl. | C5: Phase | D5: Ampl. | E5: Phase | F5: Ampl. | G5: Phase | H5: Ampl. | I5: Phase | J5: Ampl. | K5: Phase | L5: Ampl. | M5: Phase
A6: (s) | B6: m/m | C6: deg | D6: m/m | E6: deg | F6: m/m | G6: deg | H6: deg/m | I6: deg | J6: deg/m | K6: deg | L6: deg/m | M6: deg
A7: 3 | B7: =ASN.HDB!C3149 -> 0.0032843752 | C7: =ASN.HDB!C4407 -> 342.99524 | D7: =ASN.HDB!D3149 -> 0.0034835858 | E7: =ASN.HDB!D4407 -> 159.93535 | F7: =ASN.HDB!E3149 -> 0.0017615305 | G7: =ASN.HDB!E4407 -> 222.69437 | H7: =ASN.HDB!F3149 -> 0.020434538 | I7: =ASN.HDB!F4407 -> 111.93232 | J7: =ASN.HDB!G3149 -> 0.0024116435 | K7: =ASN.HDB!G4407 -> 320.65347 | L7: =ASN.HDB!H3149 -> 0.012924271 | M7: =ASN.HDB!H4407 -> 135.87328
A8: 4 | B8: =ASN.HDB!C3150 -> 0.014422406 | C8: =ASN.HDB!C4408 -> 38.15065 | D8: =ASN.HDB!D3150 -> 0.019623499 | E8: =ASN.HDB!D4408 -> 195.48518 | F8: =ASN.HDB!E3150 -> 0.018763229 | G8: =ASN.HDB!E4408 -> 256.01587 | H8: =ASN.HDB!F3150 -> 0.16091195 | I8: =ASN.HDB!F4408 -> 137.06441 | J8: =ASN.HDB!G3150 -> 0.026527328 | K8: =ASN.HDB!G4408 -> 326.0759 | L8: =ASN.HDB!H3150 -> 0.037963435 | M8: =ASN.HDB!H4408 -> 164.96059
A9: 5 | B9: =ASN.HDB!C3151 -> 0.041556999 | C9: =ASN.HDB!C4409 -> 22.231358 | D9: =ASN.HDB!D3151 -> 0.049279019 | E9: =ASN.HDB!D4409 -> 194.60056 | F9: =ASN.HDB!E3151 -> 0.082718991 | G9: =ASN.HDB!E4409 -> 239.6678 | H9: =ASN.HDB!F3151 -> 0.40208912 | I9: =ASN.HDB!F4409 -> 147.48187 | J9: =ASN.HDB!G3151 -> 0.19951677 | K9: =ASN.HDB!G4409 -> 343.44818 | L9: =ASN.HDB!H3151 -> 0.12652829 | M9: =ASN.HDB!H4409 -> 105.58453
A10: 6 | B10: =ASN.HDB!C3152 -> 0.055595499 | C10: =ASN.HDB!C4410 -> 172.50322 | D10: =ASN.HDB!D3152 -> 0.035687815 | E10: =ASN.HDB!D4410 -> 269.00415 | F10: =ASN.HDB!E3152 -> 0.16861413 | G10: =ASN.HDB!E4410 -> 29.610678 | H10: =ASN.HDB!F3152 -> 0.53691286 | I10: =ASN.HDB!F4410 -> 195.09322 | J10: =ASN.HDB!G3152 -> 0.76466167 | K10: =ASN.HDB!G4410 -> 217.94856 | L10: =ASN.HDB!H3152 -> 0.35487264 | M10: =ASN.HDB!H4410 -> 38.944958
A11: 7 | B11: =ASN.HDB!C3153 -> 0.064344078 | C11: =ASN.HDB!C4411 -> 37.204929 | D11: =ASN.HDB!D3153 -> 0.091361985 | E11: =ASN.HDB!D4411 -> 202.59903 | F11: =ASN.HDB!E3153 -> 0.59815353 | G11: =ASN.HDB!E4411 -> 112.45862 | H11: =ASN.HDB!F3153 -> 0.53621536 | I11: =ASN.HDB!F4411 -> 165.74065 | J11: =ASN.HDB!G3153 -> 1.993022 | K11: =ASN.HDB!G4411 -> 264.0426 | L11: =ASN.HDB!H3153 -> 0.635584 | M11: =ASN.HDB!H4411 -> 96.635666
A12: 8 | B12: =ASN.HDB!C3154 -> 0.29909557 | C12: =ASN.HDB!C4412 -> 80.084625 | D12: =ASN.HDB!D3154 -> 0.19235811 | E12: =ASN.HDB!D4412 -> 232.54498 | F12: =ASN.HDB!E3154 -> 0.83281666 | G12: =ASN.HDB!E4412 -> 137.69208 | H12: =ASN.HDB!F3154 -> 1.2868696 | I12: =ASN.HDB!F4412 -> 146.41864 | J12: =ASN.HDB!G3154 -> 2.6867228 | K12: =ASN.HDB!G4412 -> 281.61334 | L12: =ASN.HDB!H3154 -> 0.68616414 | M12: =ASN.HDB!H4412 -> 137.73917
A13: 9 | B13: =ASN.HDB!C3155 -> 0.49908024 | C13: =ASN.HDB!C4413 -> 96.372681 | D13: =ASN.HDB!D3155 -> 0.25720403 | E13: =ASN.HDB!D4413 -> 255.70697 | F13: =ASN.HDB!E3155 -> 0.85715395 | G13: =ASN.HDB!E4413 -> 161.299 | H13: =ASN.HDB!F3155 -> 3.6189849 | I13: =ASN.HDB!F4413 -> 122.16914 | J13: =ASN.HDB!G3155 -> 2.5400827 | K13: =ASN.HDB!G4413 -> 291.89481 | L13: =ASN.HDB!H3155 -> 0.63390791 | M13: =ASN.HDB!H4413 -> 172.74025
A14: 10 | B14: =ASN.HDB!C3156 -> 0.61549675 | C14: =ASN.HDB!C4414 -> 109.17624 | D14: =ASN.HDB!D3156 -> 0.29506829 | E14: =ASN.HDB!D4414 -> 282.99161 | F14: =ASN.HDB!E3156 -> 0.87181008 | G14: =ASN.HDB!E4414 -> 182.27344 | H14: =ASN.HDB!F3156 -> 4.9890394 | I14: =ASN.HDB!F4414 -> 30.938873 | J14: =ASN.HDB!G3156 -> 2.1663635 | K14: =ASN.HDB!G4414 -> 301.79633 | L14: =ASN.HDB!H3156 -> 0.82768542 | M14: =ASN.HDB!H4414 -> 189.983
A15: 11 | B15: =ASN.HDB!C3157 -> 0.684699 | C15: =ASN.HDB!C4415 -> 119.93597 | D15: =ASN.HDB!D3157 -> 0.3585237 | E15: =ASN.HDB!D4415 -> 295.79507 | F15: =ASN.HDB!E3157 -> 0.89642465 | G15: =ASN.HDB!E4415 -> 198.39429 | H15: =ASN.HDB!F3157 -> 2.3827076 | I15: =ASN.HDB!F4415 -> 350.29453 | J15: =ASN.HDB!G3157 -> 1.8236314 | K15: =ASN.HDB!G4415 -> 310.63531 | L15: =ASN.HDB!H3157 -> 0.68973422 | M15: =ASN.HDB!H4415 -> 194.30783
A16: 12 | B16: =ASN.HDB!C3158 -> 0.7292347 | C16: =ASN.HDB!C4416 -> 128.7697 | D16: =ASN.HDB!D3158 -> 0.3894504 | E16: =ASN.HDB!D4416 -> 305.58667 | F16: =ASN.HDB!E3158 -> 0.91991252 | G16: =ASN.HDB!E4416 -> 210.47717 | H16: =ASN.HDB!F3158 -> 1.4532641 | I16: =ASN.HDB!F4416 -> 346.25604 | J16: =ASN.HDB!G3158 -> 1.5449654 | K16: =ASN.HDB!G4416 -> 318.03064 | L16: =ASN.HDB!H3158 -> 0.592219 | M16: =ASN.HDB!H4416 -> 203.25099
A17: 13 | B17: =ASN.HDB!C3159 -> 0.75974905 | C17: =ASN.HDB!C4417 -> 135.95546 | D17: =ASN.HDB!D3159 -> 0.41141805 | E17: =ASN.HDB!D4417 -> 313.54172 | F17: =ASN.HDB!E3159 -> 0.93870258 | G17: =ASN.HDB!E4417 -> 219.69107 | H17: =ASN.HDB!F3159 -> 1.0451647 | I17: =ASN.HDB!F4417 -> 346.55084 | J17: =ASN.HDB!G3159 -> 1.3219022 | K17: =ASN.HDB!G4417 -> 324.09 | L17: =ASN.HDB!H3159 -> 0.52011955 | M17: =ASN.HDB!H4417 -> 209.99187
A18: 14 | B18: =ASN.HDB!C3160 -> 0.78160322 | C18: =ASN.HDB!C4418 -> 141.81099 | D18: =ASN.HDB!D3160 -> 0.42785636 | E18: =ASN.HDB!D4418 -> 319.92538 | F18: =ASN.HDB!E3160 -> 0.95293128 | G18: =ASN.HDB!E4418 -> 226.87987 | H18: =ASN.HDB!F3160 -> 0.81273723 | I18: =ASN.HDB!F4418 -> 347.55966 | J18: =ASN.HDB!G3160 -> 1.1423172 | K18: =ASN.HDB!G4418 -> 329.04349 | L18: =ASN.HDB!H3160 -> 0.46132532 | M18: =ASN.HDB!H4418 -> 214.86697
... A39: 35 | B39: =ASN.HDB!C3181 -> 1.0387468 | C39: =ASN.HDB!C4439 -> 172.68604 | D39: =ASN.HDB!D3181 -> 0.59571874 | E39: =ASN.HDB!D4439 -> 352.25366 | F39: =ASN.HDB!E3181 -> 0.99822474 | G39: =ASN.HDB!E4439 -> 261.87408 | H39: =ASN.HDB!F3181 -> 0.11443352 | I39: =ASN.HDB!F4439 -> 357.15475 | J39: =ASN.HDB!G3181 -> 0.21917091 | K39: =ASN.HDB!G4439 -> 354.79056 | L39: =ASN.HDB!H3181 -> 0.18343237 | M39: =ASN.HDB!H4439 -> 211.5507

Sheet 160°
A1: ='0°'!A1 -> RAOs for Ile de Molene
A3: Direction = 160°
A4: Period | B4: Surge | D4: Sway | F4: Heave | H4: Roll | J4: Pitch | L4: Yaw
B5: Ampl. | C5: Phase | D5: Ampl. | E5: Phase | F5: Ampl. | G5: Phase | H5: Ampl. | I5: Phase | J5: Ampl. | K5: Phase | L5: Ampl. | M5: Phase
A6: (s) | B6: m/m | C6: deg | D6: m/m | E6: deg | F6: m/m | G6: deg | H6: deg/m | I6: deg | J6: deg/m | K6: deg | L6: deg/m | M6: deg
A7: 3 | B7: =ASN.HDB!C3183 -> 0.0022827906 | C7: =ASN.HDB!C4441 -> 191.97984 | D7: =ASN.HDB!D3183 -> 0.00099995011 | E7: =ASN.HDB!D4441 -> 348.94 | F7: =ASN.HDB!E3183 -> 7.4562086e-05 | G7: =ASN.HDB!E4441 -> 49.028328 | H7: =ASN.HDB!F3183 -> 0.0076726042 | I7: =ASN.HDB!F4441 -> 70.238617 | J7: =ASN.HDB!G3183 -> 0.0067669745 | K7: =ASN.HDB!G4441 -> 271.35431 | L7: =ASN.HDB!H3183 -> 0.010387912 | M7: =ASN.HDB!H4441 -> 357.19937
A8: 4 | B8: =ASN.HDB!C3184 -> 0.012813908 | C8: =ASN.HDB!C4442 -> 315.07553 | D8: =ASN.HDB!D3184 -> 0.01010017 | E8: =ASN.HDB!D4442 -> 146.4252 | F8: =ASN.HDB!E3184 -> 0.010553012 | G8: =ASN.HDB!E4442 -> 215.81406 | H8: =ASN.HDB!F3184 -> 0.12025927 | I8: =ASN.HDB!F4442 -> 111.70232 | J8: =ASN.HDB!G3184 -> 0.056949466 | K8: =ASN.HDB!G4442 -> 326.79218 | L8: =ASN.HDB!H3184 -> 0.051644035 | M8: =ASN.HDB!H4442 -> 75.163429
A9: 5 | B9: =ASN.HDB!C3185 -> 0.037396643 | C9: =ASN.HDB!C4443 -> 333.38803 | D9: =ASN.HDB!D3185 -> 0.025974641 | E9: =ASN.HDB!D4443 -> 169.63614 | F9: =ASN.HDB!E3185 -> 0.054897994 | G9: =ASN.HDB!E4443 -> 202.87704 | H9: =ASN.HDB!F3185 -> 0.25008905 | I9: =ASN.HDB!F4443 -> 136.13687 | J9: =ASN.HDB!G3185 -> 0.2553843 | K9: =ASN.HDB!G4443 -> 328.13818 | L9: =ASN.HDB!H3185 -> 0.13097577 | M9: =ASN.HDB!H4443 -> 75.550667
A10: 6 | B10: =ASN.HDB!C3186 -> 0.071817115 | C10: =ASN.HDB!C4444 -> 148.53441 | D10: =ASN.HDB!D3186 -> 0.036481075 | E10: =ASN.HDB!D4444 -> 259.50684 | F10: =ASN.HDB!E3186 -> 0.19648243 | G10: =ASN.HDB!E4444 -> 348.81467 | H10: =ASN.HDB!F3186 -> 0.45766714 | I10: =ASN.HDB!F4444 -> 187.59544 | J10: =ASN.HDB!G3186 -> 0.48175046 | K10: =ASN.HDB!G4444 -> 193.1794 | L10: =ASN.HDB!H3186 -> 0.18883336 | M10: =ASN.HDB!H4444 -> 25.502804
A11: 7 | B11: =ASN.HDB!C3187 -> 0.033431701 | C11: =ASN.HDB!C4445 -> 30.846113 | D11: =ASN.HDB!D3187 -> 0.046781756 | E11: =ASN.HDB!D4445 -> 197.47745 | F11: =ASN.HDB!E3187 -> 0.49337047 | G11: =ASN.HDB!E4445 -> 90.046829 | H11: =ASN.HDB!F3187 -> 0.37114373 | I11: =ASN.HDB!F4445 -> 175.24112 | J11: =ASN.HDB!G3187 -> 1.8169453 | K11: =ASN.HDB!G4445 -> 251.23169 | L11: =ASN.HDB!H3187 -> 0.42044401 | M11: =ASN.HDB!H4445 -> 83.156822
A12: 8 | B12: =ASN.HDB!C3188 -> 0.28088161 | C12: =ASN.HDB!C4446 -> 71.406021 | D12: =ASN.HDB!D3188 -> 0.11708447 | E12: =ASN.HDB!D4446 -> 223.43033 | F12: =ASN.HDB!E3188 -> 0.75473821 | G12: =ASN.HDB!E4446 -> 123.90442 | H12: =ASN.HDB!F3188 -> 0.81211686 | I12: =ASN.HDB!F4446 -> 147.34544 | J12: =ASN.HDB!G3188 -> 2.6682875 | K12: =ASN.HDB!G4446 -> 272.18445 | L12: =ASN.HDB!H3188 -> 0.4808138 | M12: =ASN.HDB!H4446 -> 126.67345
A13: 9 | B13: =ASN.HDB!C3189 -> 0.50336909 | C13: =ASN.HDB!C4447 -> 88.865685 | D13: =ASN.HDB!D3189 -> 0.16744271 | E13: =ASN.HDB!D4447 -> 247.22076 | F13: =ASN.HDB!E3189 -> 0.80542016 | G13: =ASN.HDB!E4447 -> 150.94923 | H13: =ASN.HDB!F3189 -> 2.5630934 | I13: =ASN.HDB!F4447 -> 127.44205 | J13: =ASN.HDB!G3189 -> 2.6183121 | K13: =ASN.HDB!G4447 -> 284.48883 | L13: =ASN.HDB!H3189 -> 0.43943715 | M13: =ASN.HDB!H4447 -> 162.32362
A14: 10 | B14: =ASN.HDB!C3190 -> 0.63902837 | C14: =ASN.HDB!C4448 -> 102.92957 | D14: =ASN.HDB!D3190 -> 0.19201566 | E14: =ASN.HDB!D4448 -> 277.19528 | F14: =ASN.HDB!E3190 -> 0.83455414 | G14: =ASN.HDB!E4448 -> 174.29585 | H14: =ASN.HDB!F3190 -> 3.8349397 | I14: =ASN.HDB!F4448 -> 22.013439 | J14: =ASN.HDB!G3190 -> 2.2757659 | K14: =ASN.HDB!G4448 -> 295.78537 | L14: =ASN.HDB!H3190 -> 0.60657805 | M14: =ASN.HDB!H4448 -> 183.33681
A15: 11 | B15: =ASN.HDB!C3191 -> 0.72175437 | C15: =ASN.HDB!C4449 -> 114.71397 | D15: =ASN.HDB!D3191 -> 0.23836267 | E15: =ASN.HDB!D4449 -> 290.32828 | F15: =ASN.HDB!E3191 -> 0.86931181 | G15: =ASN.HDB!E4449 -> 192.06218 | H15: =ASN.HDB!F3191 -> 1.6251533 | I15: =ASN.HDB!F4449 -> 345.40225 | J15: =ASN.HDB!G3191 -> 1.9363995 | K15: =ASN.HDB!G4449 -> 305.64886 | L15: =ASN.HDB!H3191 -> 0.49894753 | M15: =ASN.HDB!H4449 -> 189.33025
A16: 12 | B16: =ASN.HDB!C3192 -> 0.77561593 | C16: =ASN.HDB!C4450 -> 124.35661 | D16: =ASN.HDB!D3192 -> 0.26105839 | E16: =ASN.HDB!D4450 -> 300.97238 | F16: =ASN.HDB!E3192 -> 0.90006864 | G16: =ASN.HDB!E4450 -> 205.29482 | H16: =ASN.HDB!F3192 -> 0.98891979 | I16: =ASN.HDB!F4450 -> 343.60995 | J16: =ASN.HDB!G3192 -> 1.6512935 | K16: =ASN.HDB!G4450 -> 313.82166 | L16: =ASN.HDB!H3192 -> 0.43181577 | M16: =ASN.HDB!H4450 -> 199.40784
A17: 13 | B17: =ASN.HDB!C3193 -> 0.81266201 | C17: =ASN.HDB!C4451 -> 132.18306 | D17: =ASN.HDB!D3193 -> 0.277356 | E17: =ASN.HDB!D4451 -> 309.60226 | F17: =ASN.HDB!E3193 -> 0.92398632 | G17: =ASN.HDB!E4451 -> 215.34807 | H17: =ASN.HDB!F3193 -> 0.71230334 | I17: =ASN.HDB!F4451 -> 344.66144 | J17: =ASN.HDB!G3193 -> 1.4188504 | K17: =ASN.HDB!G4451 -> 320.48535 | L17: =ASN.HDB!H3193 -> 0.3807213 | M17: =ASN.HDB!H4451 -> 206.9567
A18: 14 | B18: =ASN.HDB!C3194 -> 0.83918971 | C18: =ASN.HDB!C4452 -> 138.55164 | D18: =ASN.HDB!D3194 -> 0.28954223 | E18: =ASN.HDB!D4452 -> 316.52405 | F18: =ASN.HDB!E3194 -> 0.94184285 | G18: =ASN.HDB!E4452 -> 223.17538 | H18: =ASN.HDB!F3194 -> 0.55449229 | I18: =ASN.HDB!F4452 -> 346.06885 | J18: =ASN.HDB!G3194 -> 1.2295671 | K18: =ASN.HDB!G4452 -> 325.91837 | L18: =ASN.HDB!H3194 -> 0.3383317 | M18: =ASN.HDB!H4452 -> 212.50002
... A39: 35 | B39: =ASN.HDB!C3215 -> 1.1266798 | C39: =ASN.HDB!C4473 -> 172.0421 | D39: =ASN.HDB!D3215 -> 0.40733525 | E39: =ASN.HDB!D4473 -> 351.57812 | F39: =ASN.HDB!E3215 -> 0.9977963 | G39: =ASN.HDB!E4473 -> 261.18262 | H39: =ASN.HDB!F3215 -> 0.078305691 | I39: =ASN.HDB!F4473 -> 356.97903 | J39: =ASN.HDB!G3215 -> 0.23773982 | K39: =ASN.HDB!G4473 -> 354.11902 | L39: =ASN.HDB!H3215 -> 0.13032506 | M39: =ASN.HDB!H4473 -> 213.39716

Sheet 170°
A1: ='0°'!A1 -> RAOs for Ile de Molene
A3: Direction = 170°
A4: Period | B4: Surge | D4: Sway | F4: Heave | H4: Roll | J4: Pitch | L4: Yaw
B5: Ampl. | C5: Phase | D5: Ampl. | E5: Phase | F5: Ampl. | G5: Phase | H5: Ampl. | I5: Phase | J5: Ampl. | K5: Phase | L5: Ampl. | M5: Phase
A6: (s) | B6: m/m | C6: deg | D6: m/m | E6: deg | F6: m/m | G6: deg | H6: deg/m | I6: deg | J6: deg/m | K6: deg | L6: deg/m | M6: deg
A7: 3 | B7: =ASN.HDB!C3217 -> 0.0021391734 | C7: =ASN.HDB!C4475 -> 89.597633 | D7: =ASN.HDB!D3217 -> 0.00093039242 | E7: =ASN.HDB!D4475 -> 247.52948 | F7: =ASN.HDB!E3217 -> 0.0006880025 | G7: =ASN.HDB!E4475 -> 319.33279 | H7: =ASN.HDB!F3217 -> 0.0057783835 | I7: =ASN.HDB!F4475 -> 160.30127 | J7: =ASN.HDB!G3217 -> 0.00065531582 | K7: =ASN.HDB!G4475 -> 244.77467 | L7: =ASN.HDB!H3217 -> 0.0020656814 | M7: =ASN.HDB!H4475 -> 277.13348
A8: 4 | B8: =ASN.HDB!C3218 -> 0.01235358 | C8: =ASN.HDB!C4476 -> 269.82776 | D8: =ASN.HDB!D3218 -> 0.0030775436 | E8: =ASN.HDB!D4476 -> 117.9759 | F8: =ASN.HDB!E3218 -> 0.0037547247 | G8: =ASN.HDB!E4476 -> 170.995 | H8: =ASN.HDB!F3218 -> 0.054212481 | I8: =ASN.HDB!F4476 -> 100.94405 | J8: =ASN.HDB!G3218 -> 0.058471013 | K8: =ASN.HDB!G4476 -> 325.14853 | L8: =ASN.HDB!H3218 -> 0.031638123 | M8: =ASN.HDB!H4476 -> 42.628853
A9: 5 | B9: =ASN.HDB!C3219 -> 0.036513966 | C9: =ASN.HDB!C4477 -> 303.12704 | D9: =ASN.HDB!D3219 -> 0.010022606 | E9: =ASN.HDB!D4477 -> 156.36028 | F9: =ASN.HDB!E3219 -> 0.03826471 | G9: =ASN.HDB!E4477 -> 168.52408 | H9: =ASN.HDB!F3219 -> 0.11418631 | I9: =ASN.HDB!F4477 -> 132.71312 | J9: =ASN.HDB!G3219 -> 0.25939372 | K9: =ASN.HDB!G4477 -> 320.45062 | L9: =ASN.HDB!H3219 -> 0.07455764 | M9: =ASN.HDB!H4477 -> 58.456593
A10: 6 | B10: =ASN.HDB!C3220 -> 0.078472488 | C10: =ASN.HDB!C4478 -> 135.50929 | D10: =ASN.HDB!D3220 -> 0.021431556 | E10: =ASN.HDB!D4478 -> 250.80423 | F10: =ASN.HDB!E3220 -> 0.21792352 | G10: =ASN.HDB!E4478 -> 329.69888 | H10: =ASN.HDB!F3220 -> 0.25677162 | I10: =ASN.HDB!F4478 -> 181.87512 | J10: =ASN.HDB!G3220 -> 0.31867772 | K10: =ASN.HDB!G4478 -> 168.91023 | L10: =ASN.HDB!H3220 -> 0.078698561 | M10: =ASN.HDB!H4478 -> 19.4207
A11: 7 | B11: =ASN.HDB!C3221 -> 0.014239023 | C11: =ASN.HDB!C4479 -> 38.578888 | D11: =ASN.HDB!D3221 -> 0.019466231 | E11: =ASN.HDB!D4479 -> 197.21086 | F11: =ASN.HDB!E3221 -> 0.43775052 | G11: =ASN.HDB!E4479 -> 74.562691 | H11: =ASN.HDB!F3221 -> 0.19928941 | I11: =ASN.HDB!F4479 -> 180.80724 | J11: =ASN.HDB!G3221 -> 1.6796503 | K11: =ASN.HDB!G4479 -> 243.34361 | L11: =ASN.HDB!H3221 -> 0.20676477 | M11: =ASN.HDB!H4479 -> 75.05175
A12: 8 | B12: =ASN.HDB!C3222 -> 0.26610047 | C12: =ASN.HDB!C4480 -> 66.218796 | D12: =ASN.HDB!D3222 -> 0.054892812 | E12: =ASN.HDB!D4480 -> 218.07732 | F12: =ASN.HDB!E3222 -> 0.70664185 | G12: =ASN.HDB!E4480 -> 115.13747 | H12: =ASN.HDB!F3222 -> 0.39016268 | I12: =ASN.HDB!F4480 -> 149.18219 | J12: =ASN.HDB!G3222 -> 2.6325941 | K12: =ASN.HDB!G4480 -> 266.48849 | L12: =ASN.HDB!H3222 -> 0.24629042 | M12: =ASN.HDB!H4480 -> 119.95213
A13: 9 | B13: =ASN.HDB!C3223 -> 0.50218123 | C13: =ASN.HDB!C4481 -> 84.292938 | D13: =ASN.HDB!D3223 -> 0.082824394 | E13: =ASN.HDB!D4481 -> 242.21399 | F13: =ASN.HDB!E3223 -> 0.77286392 | G13: =ASN.HDB!E4481 -> 144.48346 | H13: =ASN.HDB!F3223 -> 1.3390095 | I13: =ASN.HDB!F4481 -> 134.96358 | J13: =ASN.HDB!G3223 -> 2.6516902 | K13: =ASN.HDB!G4481 -> 280.00873 | L13: =ASN.HDB!H3223 -> 0.22359014 | M13: =ASN.HDB!H4481 -> 154.94075
A14: 10 | B14: =ASN.HDB!C3224 -> 0.65034395 | C14: =ASN.HDB!C4482 -> 99.111885 | D14: =ASN.HDB!D3224 -> 0.095229737 | E14: =ASN.HDB!D4482 -> 275.03497 | F14: =ASN.HDB!E3224 -> 0.8108182 | G14: =ASN.HDB!E4482 -> 169.34991 | H14: =ASN.HDB!F3224 -> 2.3280926 | I14: =ASN.HDB!F4482 -> 7.561748 | J14: =ASN.HDB!G3224 -> 2.3345773 | K14: =ASN.HDB!G4482 -> 292.14249 | L14: =ASN.HDB!H3224 -> 0.33104464 | M14: =ASN.HDB!H4482 -> 177.73851
A15: 11 | B15: =ASN.HDB!C3225 -> 0.7420789 | C15: =ASN.HDB!C4483 -> 111.51905 | D15: =ASN.HDB!D3225 -> 0.11887998 | E15: =ASN.HDB!D4483 -> 286.96634 | F15: =ASN.HDB!E3225 -> 0.85188681 | G15: =ASN.HDB!E4483 -> 188.15582 | H15: =ASN.HDB!F3225 -> 0.82368958 | I15: =ASN.HDB!F4483 -> 341.09277 | J15: =ASN.HDB!G3225 -> 2.0007198 | K15: =ASN.HDB!G4483 -> 302.62387 | L15: =ASN.HDB!H3225 -> 0.26113012 | M15: =ASN.HDB!H4483 -> 186.10806
A16: 12 | B16: =ASN.HDB!C3226 -> 0.80222917 | C16: =ASN.HDB!C4484 -> 121.65523 | D16: =ASN.HDB!D3226 -> 0.13081791 | E16: =ASN.HDB!D4484 -> 298.13635 | F16: =ASN.HDB!E3226 -> 0.88725281 | G16: =ASN.HDB!E4484 -> 202.10689 | H16: =ASN.HDB!F3226 -> 0.50065762 | I16: =ASN.HDB!F4484 -> 341.53964 | J16: =ASN.HDB!G3226 -> 1.7135624 | K16: =ASN.HDB!G4484 -> 311.26746 | L16: =ASN.HDB!H3226 -> 0.22726282 | M16: =ASN.HDB!H4484 -> 196.96085
A17: 13 | B17: =ASN.HDB!C3227 -> 0.84370589 | C17: =ASN.HDB!C4485 -> 129.87326 | D17: =ASN.HDB!D3227 -> 0.13949424 | E17: =ASN.HDB!D4485 -> 307.17978 | F17: =ASN.HDB!E3227 -> 0.91445363 | G17: =ASN.HDB!E4485 -> 212.68069 | H17: =ASN.HDB!F3227 -> 0.36107025 | I17: =ASN.HDB!F4485 -> 343.2915 | J17: =ASN.HDB!G3227 -> 1.47645 | K17: =ASN.HDB!G4485 -> 318.29803 | L17: =ASN.HDB!H3227 -> 0.20094454 | M17: =ASN.HDB!H4485 -> 205.01642
A18: 14 | B18: =ASN.HDB!C3228 -> 0.87341142 | C18: =ASN.HDB!C4486 -> 136.55562 | D18: =ASN.HDB!D3228 -> 0.14598601 | E18: =ASN.HDB!D4486 -> 314.43015 | F18: =ASN.HDB!E3228 -> 0.93464392 | G18: =ASN.HDB!E4486 -> 220.90225 | H18: =ASN.HDB!F3228 -> 0.28130642 | I18: =ASN.HDB!F4486 -> 345.04749 | J18: =ASN.HDB!G3228 -> 1.2818598 | K18: =ASN.HDB!G4486 -> 324.02219 | L18: =ASN.HDB!H3228 -> 0.17886449 | M18: =ASN.HDB!H4486 -> 210.96927
... A39: 35 | B39: =ASN.HDB!C3249 -> 1.1804773 | C39: =ASN.HDB!C4507 -> 171.64842 | D39: =ASN.HDB!D3249 -> 0.20675731 | E39: =ASN.HDB!D4507 -> 351.11688 | F39: =ASN.HDB!E3249 -> 0.99751818 | G39: =ASN.HDB!E4507 -> 260.75912 | H39: =ASN.HDB!F3249 -> 0.039806116 | I39: =ASN.HDB!F4507 -> 357.08289 | J39: =ASN.HDB!G3249 -> 0.24910462 | K39: =ASN.HDB!G4507 -> 353.71606 | L39: =ASN.HDB!H3249 -> 0.068501934 | M39: =ASN.HDB!H4507 -> 215.04041

Sheet 180°
A1: ='0°'!A1 -> RAOs for Ile de Molene
A3: Direction = 180°
A4: Period | B4: Surge | D4: Sway | F4: Heave | H4: Roll | J4: Pitch | L4: Yaw
B5: Ampl. | C5: Phase | D5: Ampl. | E5: Phase | F5: Ampl. | G5: Phase | H5: Ampl. | I5: Phase | J5: Ampl. | K5: Phase | L5: Ampl. | M5: Phase
A6: (s) | B6: m/m | C6: deg | D6: m/m | E6: deg | F6: m/m | G6: deg | H6: deg/m | I6: deg | J6: deg/m | K6: deg | L6: deg/m | M6: deg
A7: 3 | B7: =ASN.HDB!C3251 -> 0.002217639 | C7: =ASN.HDB!C4509 -> 57.718819 | D7: =ASN.HDB!D3251 -> 1.0025688e-05 | E7: =ASN.HDB!D4509 -> 163.68936 | F7: =ASN.HDB!E3251 -> 0.00066280813 | G7: =ASN.HDB!E4509 -> 313.65042 | H7: =ASN.HDB!F3251 -> 3.8719754e-05 | I7: =ASN.HDB!F4509 -> 154.89014 | J7: =ASN.HDB!G3251 -> 0.0024070507 | K7: =ASN.HDB!G4509 -> 59.108715 | L7: =ASN.HDB!H3251 -> 2.4478528e-05 | M7: =ASN.HDB!H4509 -> 143.0955
A8: 4 | B8: =ASN.HDB!C3252 -> 0.012019687 | C8: =ASN.HDB!C4510 -> 255.7444 | D8: =ASN.HDB!D3252 -> 1.1273328e-05 | E8: =ASN.HDB!D4510 -> 147.36897 | F8: =ASN.HDB!E3252 -> 0.0023843003 | G8: =ASN.HDB!E4510 -> 123.66423 | H8: =ASN.HDB!F3252 -> 5.9606598e-05 | I8: =ASN.HDB!F4510 -> 121.28903 | J8: =ASN.HDB!G3252 -> 0.057173442 | K8: =ASN.HDB!G4510 -> 326.67529 | L8: =ASN.HDB!H3252 -> 9.2274102e-05 | M8: =ASN.HDB!H4510 -> 216.62564
A9: 5 | B9: =ASN.HDB!C3253 -> 0.03645286 | C9: =ASN.HDB!C4511 -> 293.24597 | D9: =ASN.HDB!D3253 -> 2.6858535e-05 | E9: =ASN.HDB!D4511 -> 152.3634 | F9: =ASN.HDB!E3253 -> 0.034284506 | G9: =ASN.HDB!E4511 -> 152.68321 | H9: =ASN.HDB!F3253 -> 0.00014082117 | I9: =ASN.HDB!F4511 -> 336.36517 | J9: =ASN.HDB!G3253 -> 0.25602037 | K9: =ASN.HDB!G4511 -> 318.31732 | L9: =ASN.HDB!H3253 -> 4.3375469e-05 | M9: =ASN.HDB!H4511 -> 228.74214
A10: 6 | B10: =ASN.HDB!C3254 -> 0.080082029 | C10: =ASN.HDB!C4512 -> 131.26549 | D10: =ASN.HDB!D3254 -> 1.2552796e-05 | E10: =ASN.HDB!D4512 -> 49.418724 | F10: =ASN.HDB!E3254 -> 0.22457638 | G10: =ASN.HDB!E4512 -> 323.98694 | H10: =ASN.HDB!F3254 -> 0.00028013642 | I10: =ASN.HDB!F4512 -> 136.0331 | J10: =ASN.HDB!G3254 -> 0.27260986 | K10: =ASN.HDB!G4512 -> 156.85583 | L10: =ASN.HDB!H3254 -> 8.0470418e-05 | M10: =ASN.HDB!H4512 -> 9.9062252
A11: 7 | B11: =ASN.HDB!C3255 -> 0.0085929837 | C11: =ASN.HDB!C4513 -> 55.929943 | D11: =ASN.HDB!D3255 -> 3.6541864e-05 | E11: =ASN.HDB!D4513 -> 150.52707 | F11: =ASN.HDB!E3255 -> 0.42103657 | G11: =ASN.HDB!E4513 -> 68.99826 | H11: =ASN.HDB!F3255 -> 0.00035743948 | I11: =ASN.HDB!F4513 -> 231.49431 | J11: =ASN.HDB!G3255 -> 1.6288894 | K11: =ASN.HDB!G4513 -> 240.67012 | L11: =ASN.HDB!H3255 -> 8.3900712e-05 | M11: =ASN.HDB!H4513 -> 149.4745
A12: 8 | B12: =ASN.HDB!C3256 -> 0.26054737 | C12: =ASN.HDB!C4514 -> 64.500473 | D12: =ASN.HDB!D3256 -> 5.5612316e-05 | E12: =ASN.HDB!D4514 -> 179.79007 | F12: =ASN.HDB!E3256 -> 0.69050252 | G12: =ASN.HDB!E4514 -> 112.11985 | H12: =ASN.HDB!F3256 -> 0.00031463822 | I12: =ASN.HDB!F4514 -> 91.772278 | J12: =ASN.HDB!G3256 -> 2.6164975 | K12: =ASN.HDB!G4514 -> 264.58249 | L12: =ASN.HDB!H3256 -> 0.00013366966 | M12: =ASN.HDB!H4514 -> 169.76897
A13: 9 | B13: =ASN.HDB!C3257 -> 0.50113314 | C13: =ASN.HDB!C4515 -> 82.758011 | D13: =ASN.HDB!D3257 -> 6.386872e-05 | E13: =ASN.HDB!D4515 -> 178.72649 | F13: =ASN.HDB!E3257 -> 0.76178622 | G13: =ASN.HDB!E4515 -> 142.28175 | H13: =ASN.HDB!F3257 -> 0.0031660579 | I13: =ASN.HDB!F4515 -> 99.846069 | J13: =ASN.HDB!G3257 -> 2.6604118 | K13: =ASN.HDB!G4515 -> 278.50876 | L13: =ASN.HDB!H3257 -> 0.00010955132 | M13: =ASN.HDB!H4515 -> 189.26057
A14: 10 | B14: =ASN.HDB!C3258 -> 0.65362084 | C14: =ASN.HDB!C4516 -> 97.826851 | D14: =ASN.HDB!D3258 -> 4.0376301e-05 | E14: =ASN.HDB!D4516 -> 255.80472 | F14: =ASN.HDB!E3258 -> 0.80268461 | G14: =ASN.HDB!E4516 -> 167.67218 | H14: =ASN.HDB!F3258 -> 0.0073241778 | I14: =ASN.HDB!F4516 -> 304.49084 | J14: =ASN.HDB!G3258 -> 2.3529701 | K14: =ASN.HDB!G4516 -> 290.92099 | L14: =ASN.HDB!H3258 -> 0.00041704494 | M14: =ASN.HDB!H4516 -> 136.20261
A15: 11 | B15: =ASN.HDB!C3259 -> 0.74850672 | C15: =ASN.HDB!C4517 -> 110.44344 | D15: =ASN.HDB!D3259 -> 4.4207707e-05 | E15: =ASN.HDB!D4517 -> 229.62581 | F15: =ASN.HDB!E3259 -> 0.84588856 | G15: =ASN.HDB!E4517 -> 186.83481 | H15: =ASN.HDB!F3259 -> 0.0021390046 | I15: =ASN.HDB!F4517 -> 317.79633 | J15: =ASN.HDB!G3259 -> 2.0215497 | K15: =ASN.HDB!G4517 -> 301.60938 | L15: =ASN.HDB!H3259 -> 0.00025730749 | M15: =ASN.HDB!H4517 -> 154.58185
A16: 12 | B16: =ASN.HDB!C3260 -> 0.81087393 | C16: =ASN.HDB!C4518 -> 120.74554 | D16: =ASN.HDB!D3260 -> 5.2453939e-05 | E16: =ASN.HDB!D4518 -> 235.50267 | F16: =ASN.HDB!E3260 -> 0.88282913 | G16: =ASN.HDB!E4518 -> 201.03056 | H16: =ASN.HDB!F3260 -> 0.0013000738 | I16: =ASN.HDB!F4518 -> 334.68457 | J16: =ASN.HDB!G3260 -> 1.7340313 | K16: =ASN.HDB!G4518 -> 310.41071 | L16: =ASN.HDB!H3260 -> 0.00025133308 | M16: =ASN.HDB!H4518 -> 176.5125
A17: 13 | B17: =ASN.HDB!C3261 -> 0.85391712 | C17: =ASN.HDB!C4519 -> 129.0954 | D17: =ASN.HDB!D3261 -> 6.3282518e-05 | E17: =ASN.HDB!D4519 -> 240.5563 | F17: =ASN.HDB!E3261 -> 0.91115725 | G17: =ASN.HDB!E4519 -> 211.78082 | H17: =ASN.HDB!F3261 -> 0.00095860352 | I17: =ASN.HDB!F4519 -> 349.08093 | J17: =ASN.HDB!G3261 -> 1.4955391 | K17: =ASN.HDB!G4519 -> 317.5643 | L17: =ASN.HDB!H3261 -> 0.00028315268 | M17: =ASN.HDB!H4519 -> 195.86908
A18: 14 | B18: =ASN.HDB!C3262 -> 0.88474876 | C18: =ASN.HDB!C4520 -> 135.88341 | D18: =ASN.HDB!D3262 -> 7.4483018e-05 | E18: =ASN.HDB!D4520 -> 245.16132 | F18: =ASN.HDB!E3262 -> 0.93215156 | G18: =ASN.HDB!E4520 -> 220.13585 | H18: =ASN.HDB!F3262 -> 0.00079815835 | I18: =ASN.HDB!F4520 -> 2.8117504 | J18: =ASN.HDB!G3262 -> 1.2992681 | K18: =ASN.HDB!G4520 -> 323.38635 | L18: =ASN.HDB!H3262 -> 0.00034422521 | M18: =ASN.HDB!H4520 -> 210.48262
... A39: 35 | B39: =ASN.HDB!C3283 -> 1.1985828 | C39: =ASN.HDB!C4541 -> 171.51591 | D39: =ASN.HDB!D3283 -> 0.00042138741 | E39: =ASN.HDB!D4541 -> 260.66647 | F39: =ASN.HDB!E3283 -> 0.99742168 | G39: =ASN.HDB!E4541 -> 260.61649 | H39: =ASN.HDB!F3283 -> 0.000397027 | I39: =ASN.HDB!F4541 -> 71.012703 | J39: =ASN.HDB!G3283 -> 0.25293061 | K39: =ASN.HDB!G4541 -> 353.58139 | L39: =ASN.HDB!H3283 -> 0.0026616128 | M39: =ASN.HDB!H4541 -> 257.91815

Sheet 190°
A1: ='0°'!A1 -> RAOs for Ile de Molene
A3: Direction = 190°
A4: Period | B4: Surge | D4: Sway | F4: Heave | H4: Roll | J4: Pitch | L4: Yaw
B5: Ampl. | C5: Phase | D5: Ampl. | E5: Phase | F5: Ampl. | G5: Phase | H5: Ampl. | I5: Phase | J5: Ampl. | K5: Phase | L5: Ampl. | M5: Phase
A6: (s) | B6: m/m | C6: deg | D6: m/m | E6: deg | F6: m/m | G6: deg | H6: deg/m | I6: deg | J6: deg/m | K6: deg | L6: deg/m | M6: deg
A7: 3 | B7: =ASN.HDB!C3285 -> 0.0021380018 | C7: =ASN.HDB!C4543 -> 89.447357 | D7: =ASN.HDB!D3285 -> 0.00093026255 | E7: =ASN.HDB!D4543 -> 68.952591 | F7: =ASN.HDB!E3285 -> 0.00068744418 | G7: =ASN.HDB!E4543 -> 319.06403 | H7: =ASN.HDB!F3285 -> 0.005728012 | I7: =ASN.HDB!F4543 -> 340.8508 | J7: =ASN.HDB!G3285 -> 0.00062453351 | K7: =ASN.HDB!G4543 -> 243.85867 | L7: =ASN.HDB!H3285 -> 0.0020646253 | M7: =ASN.HDB!H4543 -> 97.363411
A8: 4 | B8: =ASN.HDB!C3286 -> 0.012349037 | C8: =ASN.HDB!C4544 -> 269.83078 | D8: =ASN.HDB!D3286 -> 0.0030642443 | E8: =ASN.HDB!D4544 -> 297.69739 | F8: =ASN.HDB!E3286 -> 0.0037471077 | G8: =ASN.HDB!E4544 -> 170.93683 | H8: =ASN.HDB!F3286 -> 0.054118138 | I8: =ASN.HDB!F4544 -> 280.91714 | J8: =ASN.HDB!G3286 -> 0.058453791 | K8: =ASN.HDB!G4544 -> 325.16238 | L8: =ASN.HDB!H3286 -> 0.031807929 | M8: =ASN.HDB!H4544 -> 222.61351
A9: 5 | B9: =ASN.HDB!C3287 -> 0.036506988 | C9: =ASN.HDB!C4545 -> 303.13406 | D9: =ASN.HDB!D3287 -> 0.0099734338 | E9: =ASN.HDB!D4545 -> 336.35754 | F9: =ASN.HDB!E3287 -> 0.038245443 | G9: =ASN.HDB!E4545 -> 168.52322 | H9: =ASN.HDB!F3287 -> 0.11444348 | I9: =ASN.HDB!F4545 -> 312.78613 | J9: =ASN.HDB!G3287 -> 0.25939229 | K9: =ASN.HDB!G4545 -> 320.45529 | L9: =ASN.HDB!H3287 -> 0.074652366 | M9: =ASN.HDB!H4545 -> 238.4478
A10: 6 | B10: =ASN.HDB!C3288 -> 0.078464828 | C10: =ASN.HDB!C4546 -> 135.507 | D10: =ASN.HDB!D3288 -> 0.021457966 | E10: =ASN.HDB!D4546 -> 70.784416 | F10: =ASN.HDB!E3288 -> 0.2179345 | G10: =ASN.HDB!E4546 -> 329.7005 | H10: =ASN.HDB!F3288 -> 0.25634763 | I10: =ASN.HDB!F4546 -> 1.9539729 | J10: =ASN.HDB!G3288 -> 0.31864724 | K10: =ASN.HDB!G4546 -> 168.90971 | L10: =ASN.HDB!H3288 -> 0.07855536 | M10: =ASN.HDB!H4546 -> 199.42915
A11: 7 | B11: =ASN.HDB!C3289 -> 0.014249325 | C11: =ASN.HDB!C4547 -> 38.590584 | D11: =ASN.HDB!D3289 -> 0.019413199 | E11: =ASN.HDB!D4547 -> 17.36025 | F11: =ASN.HDB!E3289 -> 0.43774518 | G11: =ASN.HDB!E4547 -> 74.559929 | H11: =ASN.HDB!F3289 -> 0.19886015 | I11: =ASN.HDB!F4547 -> 0.64401782 | J11: =ASN.HDB!G3289 -> 1.6796567 | K11: =ASN.HDB!G4547 -> 243.34233 | L11: =ASN.HDB!H3289 -> 0.20673606 | M11: =ASN.HDB!H4547 -> 255.00485
A12: 8 | B12: =ASN.HDB!C3290 -> 0.26610592 | C12: =ASN.HDB!C4548 -> 66.21917 | D12: =ASN.HDB!D3290 -> 0.054803539 | E12: =ASN.HDB!D4548 -> 38.14645 | F12: =ASN.HDB!E3290 -> 0.70662999 | G12: =ASN.HDB!E4548 -> 115.13648 | H12: =ASN.HDB!F3290 -> 0.38977948 | I12: =ASN.HDB!F4548 -> 329.26071 | J12: =ASN.HDB!G3290 -> 2.6325948 | K12: =ASN.HDB!G4548 -> 266.48746 | L12: =ASN.HDB!H3290 -> 0.2461258 | M12: =ASN.HDB!H4548 -> 299.90231
A13: 9 | B13: =ASN.HDB!C3291 -> 0.50218117 | C13: =ASN.HDB!C4549 -> 84.294029 | D13: =ASN.HDB!D3291 -> 0.082774691 | E13: =ASN.HDB!D4549 -> 62.289055 | F13: =ASN.HDB!E3291 -> 0.77285469 | G13: =ASN.HDB!E4549 -> 144.48378 | H13: =ASN.HDB!F3291 -> 1.3349048 | I13: =ASN.HDB!F4549 -> 315.18283 | J13: =ASN.HDB!G3291 -> 2.6516759 | K13: =ASN.HDB!G4549 -> 280.00876 | L13: =ASN.HDB!H3291 -> 0.2233595 | M13: =ASN.HDB!H4549 -> 334.8959
A14: 10 | B14: =ASN.HDB!C3292 -> 0.65035903 | C14: =ASN.HDB!C4550 -> 99.109619 | D14: =ASN.HDB!D3292 -> 0.095203504 | E14: =ASN.HDB!D4550 -> 95.062218 | F14: =ASN.HDB!E3292 -> 0.81082302 | G14: =ASN.HDB!E4550 -> 169.34828 | H14: =ASN.HDB!F3292 -> 2.3202262 | I14: =ASN.HDB!F4550 -> 187.63603 | J14: =ASN.HDB!G3292 -> 2.3346341 | K14: =ASN.HDB!G4550 -> 292.1409 | L14: =ASN.HDB!H3292 -> 0.33045122 | M14: =ASN.HDB!H4550 -> 357.77521
A15: 11 | B15: =ASN.HDB!C3293 -> 0.74207628 | C15: =ASN.HDB!C4551 -> 111.51804 | D15: =ASN.HDB!D3293 -> 0.11883258 | E15: =ASN.HDB!D4551 -> 107.00124 | F15: =ASN.HDB!E3293 -> 0.8518849 | G15: =ASN.HDB!E4551 -> 188.15517 | H15: =ASN.HDB!F3293 -> 0.8196488 | I15: =ASN.HDB!F4551 -> 161.17195 | J15: =ASN.HDB!G3293 -> 2.0007339 | K15: =ASN.HDB!G4551 -> 302.62302 | L15: =ASN.HDB!H3293 -> 0.26067519 | M15: =ASN.HDB!H4551 -> 6.1606083
A16: 12 | B16: =ASN.HDB!C3294 -> 0.80222541 | C16: =ASN.HDB!C4552 -> 121.65458 | D16: =ASN.HDB!D3294 -> 0.13077044 | E16: =ASN.HDB!D4552 -> 118.17715 | F16: =ASN.HDB!E3294 -> 0.8872534 | G16: =ASN.HDB!E4552 -> 202.10645 | H16: =ASN.HDB!F3294 -> 0.49803379 | I16: =ASN.HDB!F4552 -> 161.554 | J16: =ASN.HDB!G3294 -> 1.713577 | K16: =ASN.HDB!G4552 -> 311.26688 | L16: =ASN.HDB!H3294 -> 0.22678524 | M16: =ASN.HDB!H4552 -> 17.000938
A17: 13 | B17: =ASN.HDB!C3295 -> 0.84370154 | C17: =ASN.HDB!C4553 -> 129.87274 | D17: =ASN.HDB!D3295 -> 0.13944359 | E17: =ASN.HDB!D4553 -> 127.22802 | F17: =ASN.HDB!E3295 -> 0.91445512 | G17: =ASN.HDB!E4553 -> 212.68031 | H17: =ASN.HDB!F3295 -> 0.35915145 | I17: =ASN.HDB!F4553 -> 163.24156 | J17: =ASN.HDB!G3295 -> 1.4764626 | K17: =ASN.HDB!G4553 -> 318.29758 | L17: =ASN.HDB!H3295 -> 0.20038015 | M17: =ASN.HDB!H4553 -> 25.037027
A18: 14 | B18: =ASN.HDB!C3296 -> 0.87340701 | C18: =ASN.HDB!C4554 -> 136.55524 | D18: =ASN.HDB!D3296 -> 0.14593203 | E18: =ASN.HDB!D4554 -> 134.48647 | F18: =ASN.HDB!E3296 -> 0.93464476 | G18: =ASN.HDB!E4554 -> 220.90192 | H18: =ASN.HDB!F3296 -> 0.27981028 | I18: =ASN.HDB!F4554 -> 164.93109 | J18: =ASN.HDB!G3296 -> 1.2818693 | K18: =ASN.HDB!G4554 -> 324.02182 | L18: =ASN.HDB!H3296 -> 0.17817603 | M18: =ASN.HDB!H4554 -> 30.965031
... A39: 35 | B39: =ASN.HDB!C3317 -> 1.1804702 | C39: =ASN.HDB!C4575 -> 171.64838 | D39: =ASN.HDB!D3317 -> 0.20675868 | E39: =ASN.HDB!D4575 -> 171.35464 | F39: =ASN.HDB!E3317 -> 0.99751753 | G39: =ASN.HDB!E4575 -> 260.75903 | H39: =ASN.HDB!F3317 -> 0.039598376 | I39: =ASN.HDB!F4575 -> 175.99191 | J39: =ASN.HDB!G3317 -> 0.24910618 | K39: =ASN.HDB!G4575 -> 353.71591 | L39: =ASN.HDB!H3317 -> 0.064699478 | M39: =ASN.HDB!H4575 -> 31.805864

Sheet 200°
A1: ='0°'!A1 -> RAOs for Ile de Molene
A3: Direction = 200°
A4: Period | B4: Surge | D4: Sway | F4: Heave | H4: Roll | J4: Pitch | L4: Yaw
B5: Ampl. | C5: Phase | D5: Ampl. | E5: Phase | F5: Ampl. | G5: Phase | H5: Ampl. | I5: Phase | J5: Ampl. | K5: Phase | L5: Ampl. | M5: Phase
A6: (s) | B6: m/m | C6: deg | D6: m/m | E6: deg | F6: m/m | G6: deg | H6: deg/m | I6: deg | J6: deg/m | K6: deg | L6: deg/m | M6: deg
A7: 3 | B7: =ASN.HDB!C3319 -> 0.0022829014 | C7: =ASN.HDB!C4577 -> 192.06445 | D7: =ASN.HDB!D3319 -> 0.0010314565 | E7: =ASN.HDB!D4577 -> 168.76871 | F7: =ASN.HDB!E3319 -> 7.5641889e-05 | G7: =ASN.HDB!E4577 -> 47.469044 | H7: =ASN.HDB!F3319 -> 0.0075451974 | I7: =ASN.HDB!F4577 -> 249.89473 | J7: =ASN.HDB!G3319 -> 0.006736781 | K7: =ASN.HDB!G4577 -> 271.47849 | L7: =ASN.HDB!H3319 -> 0.010323458 | M7: =ASN.HDB!H4577 -> 177.17935
A8: 4 | B8: =ASN.HDB!C3320 -> 0.012809019 | C8: =ASN.HDB!C4578 -> 315.05032 | D8: =ASN.HDB!D3320 -> 0.010095627 | E8: =ASN.HDB!D4578 -> 326.30603 | F8: =ASN.HDB!E3320 -> 0.0105374 | G8: =ASN.HDB!E4578 -> 215.80342 | H8: =ASN.HDB!F3320 -> 0.12021128 | I8: =ASN.HDB!F4578 -> 291.72977 | J8: =ASN.HDB!G3320 -> 0.05692853 | K8: =ASN.HDB!G4578 -> 326.79953 | L8: =ASN.HDB!H3320 -> 0.051749986 | M8: =ASN.HDB!H4578 -> 255.09695
A9: 5 | B9: =ASN.HDB!C3321 -> 0.037385859 | C9: =ASN.HDB!C4579 -> 333.39709 | D9: =ASN.HDB!D3321 -> 0.025938589 | E9: =ASN.HDB!D4579 -> 349.63553 | F9: =ASN.HDB!E3321 -> 0.054862749 | G9: =ASN.HDB!E4579 -> 202.88739 | H9: =ASN.HDB!F3321 -> 0.2503269 | I9: =ASN.HDB!F4579 -> 316.18991 | J9: =ASN.HDB!G3321 -> 0.2553868 | K9: =ASN.HDB!G4579 -> 328.14554 | L9: =ASN.HDB!H3321 -> 0.13108867 | M9: =ASN.HDB!H4579 -> 255.53777
A10: 6 | B10: =ASN.HDB!C3322 -> 0.071801431 | C10: =ASN.HDB!C4580 -> 148.52977 | D10: =ASN.HDB!D3322 -> 0.036513675 | E10: =ASN.HDB!D4580 -> 79.499451 | F10: =ASN.HDB!E3322 -> 0.19650629 | G10: =ASN.HDB!E4580 -> 348.81613 | H10: =ASN.HDB!F3322 -> 0.45716688 | I10: =ASN.HDB!F4580 -> 7.6239891 | J10: =ASN.HDB!G3322 -> 0.48169518 | K10: =ASN.HDB!G4580 -> 193.18016 | L10: =ASN.HDB!H3322 -> 0.18873869 | M10: =ASN.HDB!H4580 -> 205.49928
A11: 7 | B11: =ASN.HDB!C3323 -> 0.033449981 | C11: =ASN.HDB!C4581 -> 30.865398 | D11: =ASN.HDB!D3323 -> 0.046721149 | E11: =ASN.HDB!D4581 -> 17.529383 | F11: =ASN.HDB!E3323 -> 0.49335769 | G11: =ASN.HDB!E4581 -> 90.042198 | H11: =ASN.HDB!F3323 -> 0.37085027 | I11: =ASN.HDB!F4581 -> 355.13638 | J11: =ASN.HDB!G3323 -> 1.8169764 | K11: =ASN.HDB!G4581 -> 251.22906 | L11: =ASN.HDB!H3323 -> 0.42043847 | M11: =ASN.HDB!H4581 -> 263.13107
A12: 8 | B12: =ASN.HDB!C3324 -> 0.28089058 | C12: =ASN.HDB!C4582 -> 71.406799 | D12: =ASN.HDB!D3324 -> 0.11699565 | E12: =ASN.HDB!D4582 -> 43.462307 | F12: =ASN.HDB!E3324 -> 0.75471509 | G12: =ASN.HDB!E4582 -> 123.903 | H12: =ASN.HDB!F3324 -> 0.81159759 | I12: =ASN.HDB!F4582 -> 327.37958 | J12: =ASN.HDB!G3324 -> 2.6682887 | K12: =ASN.HDB!G4582 -> 272.18271 | L12: =ASN.HDB!H3324 -> 0.48064685 | M12: =ASN.HDB!H4582 -> 306.64761
A13: 9 | B13: =ASN.HDB!C3325 -> 0.50337613 | C13: =ASN.HDB!C4583 -> 88.868011 | D13: =ASN.HDB!D3325 -> 0.16739909 | E13: =ASN.HDB!D4583 -> 67.255684 | F13: =ASN.HDB!E3325 -> 0.80541307 | G13: =ASN.HDB!E4583 -> 150.95016 | H13: =ASN.HDB!F3325 -> 2.5592136 | I13: =ASN.HDB!F4583 -> 307.54871 | J13: =ASN.HDB!G3325 -> 2.6183183 | K13: =ASN.HDB!G4583 -> 284.48935 | L13: =ASN.HDB!H3325 -> 0.43914962 | M13: =ASN.HDB!H4583 -> 342.30148
A14: 10 | B14: =ASN.HDB!C3326 -> 0.63905847 | C14: =ASN.HDB!C4584 -> 102.92616 | D14: =ASN.HDB!D3326 -> 0.19199499 | E14: =ASN.HDB!D4584 -> 97.213387 | F14: =ASN.HDB!E3326 -> 0.83457077 | G14: =ASN.HDB!E4584 -> 174.29367 | H14: =ASN.HDB!F3326 -> 3.829211 | I14: =ASN.HDB!F4584 -> 202.03757 | J14: =ASN.HDB!G3326 -> 2.2758777 | K14: =ASN.HDB!G4584 -> 295.78311 | L14: =ASN.HDB!H3326 -> 0.60606587 | M14: =ASN.HDB!H4584 -> 3.3507276
A15: 11 | B15: =ASN.HDB!C3327 -> 0.72174937 | C15: =ASN.HDB!C4585 -> 114.71194 | D15: =ASN.HDB!D3327 -> 0.23831816 | E15: =ASN.HDB!D4585 -> 110.34592 | F15: =ASN.HDB!E3327 -> 0.8693102 | G15: =ASN.HDB!E4585 -> 192.06113 | H15: =ASN.HDB!F3327 -> 1.6211749 | I15: =ASN.HDB!F4585 -> 165.42061 | J15: =ASN.HDB!G3327 -> 1.9364281 | K15: =ASN.HDB!G4585 -> 305.64728 | L15: =ASN.HDB!H3327 -> 0.49847877 | M15: =ASN.HDB!H4585 -> 9.3529186
A16: 12 | B16: =ASN.HDB!C3328 -> 0.77560878 | C16: =ASN.HDB!C4586 -> 124.35524 | D16: =ASN.HDB!D3328 -> 0.26100966 | E16: =ASN.HDB!D4586 -> 120.99329 | F16: =ASN.HDB!E3328 -> 0.90007037 | G16: =ASN.HDB!E4586 -> 205.29416 | H16: =ASN.HDB!F3328 -> 0.98639017 | I16: =ASN.HDB!F4586 -> 163.60373 | J16: =ASN.HDB!G3328 -> 1.6513171 | K16: =ASN.HDB!G4586 -> 313.82062 | L16: =ASN.HDB!H3328 -> 0.43132946 | M16: =ASN.HDB!H4586 -> 19.424042
A17: 13 | B17: =ASN.HDB!C3329 -> 0.81265336 | C17: =ASN.HDB!C4587 -> 132.18208 | D17: =ASN.HDB!D3329 -> 0.27730298 | E17: =ASN.HDB!D4587 -> 129.62697 | F17: =ASN.HDB!E3329 -> 0.92398882 | G17: =ASN.HDB!E4587 -> 215.34747 | H17: =ASN.HDB!F3329 -> 0.71046084 | I17: =ASN.HDB!F4587 -> 164.62447 | J17: =ASN.HDB!G3329 -> 1.4188715 | K17: =ASN.HDB!G4587 -> 320.48456 | L17: =ASN.HDB!H3329 -> 0.38014358 | M17: =ASN.HDB!H4587 -> 26.962626
A18: 14 | B18: =ASN.HDB!C3330 -> 0.83918101 | C18: =ASN.HDB!C4588 -> 138.55083 | D18: =ASN.HDB!D3330 -> 0.28948656 | E18: =ASN.HDB!D4588 -> 136.55281 | F18: =ASN.HDB!E3330 -> 0.941845 | G18: =ASN.HDB!E4588 -> 223.175 | H18: =ASN.HDB!F3330 -> 0.55305511 | I18: =ASN.HDB!F4588 -> 166.00095 | J18: =ASN.HDB!G3330 -> 1.2295837 | K18: =ASN.HDB!G4588 -> 325.91766 | L18: =ASN.HDB!H3330 -> 0.33763459 | M18: =ASN.HDB!H4588 -> 32.490921
... A39: 35 | B39: =ASN.HDB!C3351 -> 1.1266655 | C39: =ASN.HDB!C4609 -> 172.04193 | D39: =ASN.HDB!D3351 -> 0.40733245 | E39: =ASN.HDB!D4609 -> 171.69987 | F39: =ASN.HDB!E3351 -> 0.99779642 | G39: =ASN.HDB!E4609 -> 261.1825 | H39: =ASN.HDB!F3351 -> 0.078107804 | I39: =ASN.HDB!F4609 -> 176.41194 | J39: =ASN.HDB!G3351 -> 0.23774298 | K39: =ASN.HDB!G4609 -> 354.11884 | L39: =ASN.HDB!H3351 -> 0.12663566 | M39: =ASN.HDB!H4609 -> 31.684605

Sheet 210°
A1: ='0°'!A1 -> RAOs for Ile de Molene
A3: Direction = 210°
A4: Period | B4: Surge | D4: Sway | F4: Heave | H4: Roll | J4: Pitch | L4: Yaw
B5: Ampl. | C5: Phase | D5: Ampl. | E5: Phase | F5: Ampl. | G5: Phase | H5: Ampl. | I5: Phase | J5: Ampl. | K5: Phase | L5: Ampl. | M5: Phase
A6: (s) | B6: m/m | C6: deg | D6: m/m | E6: deg | F6: m/m | G6: deg | H6: deg/m | I6: deg | J6: deg/m | K6: deg | L6: deg/m | M6: deg
A7: 3 | B7: =ASN.HDB!C3353 -> 0.0032863687 | C7: =ASN.HDB!C4611 -> 342.59488 | D7: =ASN.HDB!D3353 -> 0.0034706891 | E7: =ASN.HDB!D4611 -> 339.60831 | F7: =ASN.HDB!E3353 -> 0.0017657132 | G7: =ASN.HDB!E4611 -> 222.17055 | H7: =ASN.HDB!F3353 -> 0.020376839 | I7: =ASN.HDB!F4611 -> 291.98532 | J7: =ASN.HDB!G3353 -> 0.0024595356 | K7: =ASN.HDB!G4611 -> 321.04459 | L7: =ASN.HDB!H3353 -> 0.012925683 | M7: =ASN.HDB!H4611 -> 315.9646
A8: 4 | B8: =ASN.HDB!C3354 -> 0.014402723 | C8: =ASN.HDB!C4612 -> 38.08551 | D8: =ASN.HDB!D3354 -> 0.019619986 | E8: =ASN.HDB!D4612 -> 15.373201 | F8: =ASN.HDB!E3354 -> 0.018744709 | G8: =ASN.HDB!E4612 -> 256.01468 | H8: =ASN.HDB!F3354 -> 0.16094245 | I8: =ASN.HDB!F4612 -> 317.14124 | J8: =ASN.HDB!G3354 -> 0.026547235 | K8: =ASN.HDB!G4612 -> 326.06528 | L8: =ASN.HDB!H3354 -> 0.037905768 | M8: =ASN.HDB!H4612 -> 344.93591
A9: 5 | B9: =ASN.HDB!C3355 -> 0.041541327 | C9: =ASN.HDB!C4613 -> 22.233467 | D9: =ASN.HDB!D3355 -> 0.049261961 | E9: =ASN.HDB!D4613 -> 14.602338 | F9: =ASN.HDB!E3355 -> 0.082676962 | G9: =ASN.HDB!E4613 -> 239.68298 | H9: =ASN.HDB!F3355 -> 0.40225819 | I9: =ASN.HDB!F4613 -> 327.52768 | J9: =ASN.HDB!G3355 -> 0.1995351 | K9: =ASN.HDB!G4613 -> 343.45792 | L9: =ASN.HDB!H3355 -> 0.12664497 | M9: =ASN.HDB!H4613 -> 285.55392
A10: 6 | B10: =ASN.HDB!C3356 -> 0.055571992 | C10: =ASN.HDB!C4614 -> 172.49628 | D10: =ASN.HDB!D3356 -> 0.035726629 | E10: =ASN.HDB!D4614 -> 89.007217 | F10: =ASN.HDB!E3356 -> 0.16864733 | G10: =ASN.HDB!E4614 -> 29.60573 | H10: =ASN.HDB!F3356 -> 0.53632087 | I10: =ASN.HDB!F4614 -> 15.091263 | J10: =ASN.HDB!G3356 -> 0.76460195 | K10: =ASN.HDB!G4614 -> 217.94958 | L10: =ASN.HDB!H3356 -> 0.35485649 | M10: =ASN.HDB!H4614 -> 218.94011
A11: 7 | B11: =ASN.HDB!C3357 -> 0.064364791 | C11: =ASN.HDB!C4615 -> 37.220596 | D11: =ASN.HDB!D3357 -> 0.091295898 | E11: =ASN.HDB!D4615 -> 22.618877 | F11: =ASN.HDB!E3357 -> 0.59812862 | G11: =ASN.HDB!E4615 -> 112.45425 | H11: =ASN.HDB!F3357 -> 0.53618377 | I11: =ASN.HDB!F4615 -> 345.65756 | J11: =ASN.HDB!G3357 -> 1.993077 | K11: =ASN.HDB!G4615 -> 264.03995 | L11: =ASN.HDB!H3357 -> 0.63560838 | M11: =ASN.HDB!H4615 -> 276.61603
A12: 8 | B12: =ASN.HDB!C3358 -> 0.29910782 | C12: =ASN.HDB!C4616 -> 80.085945 | D12: =ASN.HDB!D3358 -> 0.19227117 | E12: =ASN.HDB!D4616 -> 52.56422 | F12: =ASN.HDB!E3358 -> 0.83278817 | G12: =ASN.HDB!E4616 -> 137.6907 | H12: =ASN.HDB!F3358 -> 1.2861338 | I12: =ASN.HDB!F4616 -> 326.43463 | J12: =ASN.HDB!G3358 -> 2.686739 | K12: =ASN.HDB!G4616 -> 281.61127 | L12: =ASN.HDB!H3358 -> 0.68599212 | M12: =ASN.HDB!H4616 -> 317.72058
A13: 9 | B13: =ASN.HDB!C3359 -> 0.49910012 | C13: =ASN.HDB!C4617 -> 96.376068 | D13: =ASN.HDB!D3359 -> 0.2571646 | E13: =ASN.HDB!D4617 -> 75.728302 | F13: =ASN.HDB!E3359 -> 0.8571611 | G13: =ASN.HDB!E4617 -> 161.30025 | H13: =ASN.HDB!F3359 -> 3.6153145 | I13: =ASN.HDB!F4617 -> 302.23328 | J13: =ASN.HDB!G3359 -> 2.5401454 | K13: =ASN.HDB!G4617 -> 291.89603 | L13: =ASN.HDB!H3359 -> 0.63357389 | M13: =ASN.HDB!H4617 -> 352.72632
A14: 10 | B14: =ASN.HDB!C3360 -> 0.61553878 | C14: =ASN.HDB!C4618 -> 109.17182 | D14: =ASN.HDB!D3360 -> 0.29504964 | E14: =ASN.HDB!D4618 -> 103.00491 | F14: =ASN.HDB!E3360 -> 0.87183684 | G14: =ASN.HDB!E4618 -> 182.27063 | H14: =ASN.HDB!F3360 -> 4.9842434 | I14: =ASN.HDB!F4618 -> 210.94293 | J14: =ASN.HDB!G3360 -> 2.1665289 | K14: =ASN.HDB!G4618 -> 301.79343 | L14: =ASN.HDB!H3360 -> 0.82721174 | M14: =ASN.HDB!H4618 -> 9.9889116
A15: 11 | B15: =ASN.HDB!C3361 -> 0.68469197 | C15: =ASN.HDB!C4619 -> 119.93298 | D15: =ASN.HDB!D3361 -> 0.35848171 | E15: =ASN.HDB!D4619 -> 115.80705 | F15: =ASN.HDB!E3361 -> 0.89642745 | G15: =ASN.HDB!E4619 -> 198.39273 | H15: =ASN.HDB!F3361 -> 2.3788824 | I15: =ASN.HDB!F4619 -> 170.28824 | J15: =ASN.HDB!G3361 -> 1.8236817 | K15: =ASN.HDB!G4619 -> 310.633 | L15: =ASN.HDB!H3361 -> 0.68925238 | M15: =ASN.HDB!H4619 -> 14.31848
A16: 12 | B16: =ASN.HDB!C3362 -> 0.72922313 | C16: =ASN.HDB!C4620 -> 128.76782 | D16: =ASN.HDB!D3362 -> 0.38940015 | E16: =ASN.HDB!D4620 -> 125.60086 | F16: =ASN.HDB!E3362 -> 0.91991764 | G16: =ASN.HDB!E4620 -> 210.47627 | H16: =ASN.HDB!F3362 -> 1.450863 | I16: =ASN.HDB!F4620 -> 166.23598 | J16: =ASN.HDB!G3362 -> 1.5449986 | K16: =ASN.HDB!G4620 -> 318.0293 | L16: =ASN.HDB!H3362 -> 0.59171414 | M16: =ASN.HDB!H4620 -> 23.257456
A17: 13 | B17: =ASN.HDB!C3363 -> 0.75973666 | C17: =ASN.HDB!C4621 -> 135.95409 | D17: =ASN.HDB!D3363 -> 0.41136286 | E17: =ASN.HDB!D4621 -> 133.55885 | F17: =ASN.HDB!E3363 -> 0.93870586 | G17: =ASN.HDB!E4621 -> 219.69019 | H17: =ASN.HDB!F3363 -> 1.0434402 | I17: =ASN.HDB!F4621 -> 166.51425 | J17: =ASN.HDB!G3363 -> 1.3219326 | K17: =ASN.HDB!G4621 -> 324.08878 | L17: =ASN.HDB!H3363 -> 0.51952636 | M17: =ASN.HDB!H4621 -> 29.98978
A18: 14 | B18: =ASN.HDB!C3364 -> 0.78159034 | C18: =ASN.HDB!C4622 -> 141.80978 | D18: =ASN.HDB!D3364 -> 0.42779812 | E18: =ASN.HDB!D4622 -> 139.94525 | F18: =ASN.HDB!E3364 -> 0.95293552 | G18: =ASN.HDB!E4622 -> 226.87906 | H18: =ASN.HDB!F3364 -> 0.81140554 | I18: =ASN.HDB!F4622 -> 167.50214 | J18: =ASN.HDB!G3364 -> 1.1423435 | K18: =ASN.HDB!G4622 -> 329.04242 | L18: =ASN.HDB!H3364 -> 0.46060777 | M18: =ASN.HDB!H4622 -> 34.853394
... A39: 35 | B39: =ASN.HDB!C3385 -> 1.0387268 | C39: =ASN.HDB!C4643 -> 172.68576 | D39: =ASN.HDB!D3385 -> 0.59572083 | E39: =ASN.HDB!D4643 -> 172.33417 | F39: =ASN.HDB!E3385 -> 0.99822509 | G39: =ASN.HDB!E4643 -> 261.87393 | H39: =ASN.HDB!F3385 -> 0.11424929 | I39: =ASN.HDB!F4643 -> 176.77516 | J39: =ASN.HDB!G3385 -> 0.21917492 | K39: =ASN.HDB!G4643 -> 354.79041 | L39: =ASN.HDB!H3385 -> 0.17988992 | M39: =ASN.HDB!H4643 -> 30.270445

Sheet 220°
A1: ='0°'!A1 -> RAOs for Ile de Molene
A3: Direction = 220°
A4: Period | B4: Surge | D4: Sway | F4: Heave | H4: Roll | J4: Pitch | L4: Yaw
B5: Ampl. | C5: Phase | D5: Ampl. | E5: Phase | F5: Ampl. | G5: Phase | H5: Ampl. | I5: Phase | J5: Ampl. | K5: Phase | L5: Ampl. | M5: Phase
A6: (s) | B6: m/m | C6: deg | D6: m/m | E6: deg | F6: m/m | G6: deg | H6: deg/m | I6: deg | J6: deg/m | K6: deg | L6: deg/m | M6: deg
A7: 3 | B7: =ASN.HDB!C3387 -> 0.0051128445 | C7: =ASN.HDB!C4645 -> 179.80104 | D7: =ASN.HDB!D3387 -> 0.0060218982 | E7: =ASN.HDB!D4645 -> 175.78683 | F7: =ASN.HDB!E3387 -> 0.0012997995 | G7: =ASN.HDB!E4645 -> 60.919125 | H7: =ASN.HDB!F3387 -> 0.031589329 | I7: =ASN.HDB!F4645 -> 170.08688 | J7: =ASN.HDB!G3387 -> 0.013906485 | K7: =ASN.HDB!G4645 -> 210.70735 | L7: =ASN.HDB!H3387 -> 0.031976037 | M7: =ASN.HDB!H4645 -> 149.37018
A8: 4 | B8: =ASN.HDB!C3388 -> 0.020263549 | C8: =ASN.HDB!C4646 -> 141.62901 | D8: =ASN.HDB!D3388 -> 0.018800272 | E8: =ASN.HDB!D4646 -> 102.61104 | F8: =ASN.HDB!E3388 -> 0.014546783 | G8: =ASN.HDB!E4646 -> 314.81845 | H8: =ASN.HDB!F3388 -> 0.066493817 | I8: =ASN.HDB!F4646 -> 344.39722 | J8: =ASN.HDB!G3388 -> 0.07215704 | K8: =ASN.HDB!G4646 -> 227.9455 | L8: =ASN.HDB!H3388 -> 0.11150005 | M8: =ASN.HDB!H4646 -> 127.89877
A9: 5 | B9: =ASN.HDB!C3389 -> 0.048746061 | C9: =ASN.HDB!C4647 -> 81.428398 | D9: =ASN.HDB!D3389 -> 0.068409815 | E9: =ASN.HDB!D4647 -> 51.705673 | F9: =ASN.HDB!E3389 -> 0.1019475 | G9: =ASN.HDB!E4647 -> 280.53476 | H9: =ASN.HDB!F3389 -> 0.4821839 | I9: =ASN.HDB!F4647 -> 347.6037 | J9: =ASN.HDB!G3389 -> 0.030874545 | K9: =ASN.HDB!G4647 -> 3.3874247 | L9: =ASN.HDB!H3389 -> 0.024783785 | M9: =ASN.HDB!H4647 -> 60.511162
A10: 6 | B10: =ASN.HDB!C3390 -> 0.028761318 | C10: =ASN.HDB!C4648 -> 225.51918 | D10: =ASN.HDB!D3390 -> 0.019844398 | E10: =ASN.HDB!D4648 -> 43.929371 | F10: =ASN.HDB!E3390 -> 0.19970554 | G10: =ASN.HDB!E4648 -> 95.78566 | H10: =ASN.HDB!F3390 -> 0.45926413 | I10: =ASN.HDB!F4648 -> 15.775899 | J10: =ASN.HDB!G3390 -> 1.1000075 | K10: =ASN.HDB!G4648 -> 243.42131 | L10: =ASN.HDB!H3390 -> 0.57276082 | M10: =ASN.HDB!H4648 -> 240.66881
A11: 7 | B11: =ASN.HDB!C3391 -> 0.10114724 | C11: =ASN.HDB!C4649 -> 50.45496 | D11: =ASN.HDB!D3391 -> 0.16114278 | E11: =ASN.HDB!D4649 -> 34.627541 | F11: =ASN.HDB!E3391 -> 0.75355136 | G11: =ASN.HDB!E4649 -> 138.86086 | H11: =ASN.HDB!F3391 -> 0.76534116 | I11: =ASN.HDB!F4649 -> 336.97165 | J11: =ASN.HDB!G3391 -> 2.1237352 | K11: =ASN.HDB!G4649 -> 281.504 | L11: =ASN.HDB!H3391 -> 0.82440472 | M11: =ASN.HDB!H4649 -> 295.28131
A12: 8 | B12: =ASN.HDB!C3392 -> 0.31103846 | C12: =ASN.HDB!C4650 -> 92.139107 | D12: =ASN.HDB!D3392 -> 0.28273943 | E12: =ASN.HDB!D4650 -> 65.494629 | F12: =ASN.HDB!E3392 -> 0.93480492 | G12: =ASN.HDB!E4650 -> 155.60159 | H12: =ASN.HDB!F3392 -> 1.7976146 | I12: =ASN.HDB!F4650 -> 327.36411 | J12: =ASN.HDB!G3392 -> 2.6313341 | K12: =ASN.HDB!G4650 -> 294.70575 | L12: =ASN.HDB!H3392 -> 0.83538657 | M12: =ASN.HDB!H4650 -> 332.90759
A13: 9 | B13: =ASN.HDB!C3393 -> 0.48092142 | C13: =ASN.HDB!C4651 -> 106.6346 | D13: =ASN.HDB!D3393 -> 0.35336471 | E13: =ASN.HDB!D4651 -> 87.362679 | F13: =ASN.HDB!E3393 -> 0.92342764 | G13: =ASN.HDB!E4651 -> 175.00565 | H13: =ASN.HDB!F3393 -> 4.5181384 | I13: =ASN.HDB!F4651 -> 300.41153 | J13: =ASN.HDB!G3393 -> 2.3881571 | K13: =ASN.HDB!G4651 -> 302.15985 | L13: =ASN.HDB!H3393 -> 0.78022045 | M13: =ASN.HDB!H4651 -> 5.8217759
A14: 10 | B14: =ASN.HDB!C3394 -> 0.57389027 | C14: =ASN.HDB!C4652 -> 117.67497 | D14: =ASN.HDB!D3394 -> 0.40308121 | E14: =ASN.HDB!D4652 -> 111.6453 | F14: =ASN.HDB!E3394 -> 0.91891164 | G14: =ASN.HDB!E4652 -> 192.93124 | H14: =ASN.HDB!F3394 -> 5.8727384 | I14: =ASN.HDB!F4652 -> 218.29784 | J14: =ASN.HDB!G3394 -> 1.9927934 | K14: =ASN.HDB!G4652 -> 310.10156 | L14: =ASN.HDB!H3394 -> 0.97532088 | M14: =ASN.HDB!H4652 -> 18.444715
A15: 11 | B15: =ASN.HDB!C3395 -> 0.62709695 | C15: =ASN.HDB!C4653 -> 127.03045 | D15: =ASN.HDB!D3395 -> 0.47751206 | E15: =ASN.HDB!D4653 -> 123.22648 | F15: =ASN.HDB!E3395 -> 0.93034619 | G15: =ASN.HDB!E4653 -> 206.90657 | H15: =ASN.HDB!F3395 -> 3.0669584 | I15: =ASN.HDB!F4653 -> 175.26463 | J15: =ASN.HDB!G3395 -> 1.6561843 | K15: =ASN.HDB!G4653 -> 317.51608 | L15: =ASN.HDB!H3395 -> 0.81058735 | M15: =ASN.HDB!H4653 -> 20.700125
A16: 12 | B16: =ASN.HDB!C3396 -> 0.66080779 | C16: =ASN.HDB!C4654 -> 134.76152 | D16: =ASN.HDB!D3396 -> 0.51318765 | E16: =ASN.HDB!D4654 -> 131.86053 | F16: =ASN.HDB!E3396 -> 0.94459432 | G16: =ASN.HDB!E4654 -> 217.46913 | H16: =ASN.HDB!F3396 -> 1.8763459 | I16: =ASN.HDB!F4654 -> 169.31793 | J16: =ASN.HDB!G3396 -> 1.3920819 | K16: =ASN.HDB!G4654 -> 323.83691 | L16: =ASN.HDB!H3396 -> 0.68916684 | M16: =ASN.HDB!H4654 -> 28.184584
A17: 13 | B17: =ASN.HDB!C3397 -> 0.68379438 | C17: =ASN.HDB!C4655 -> 141.0755 | D17: =ASN.HDB!D3397 -> 0.53836024 | E17: =ASN.HDB!D4655 -> 138.90096 | F17: =ASN.HDB!E3397 -> 0.9569357 | G17: =ASN.HDB!E4655 -> 225.56244 | H17: =ASN.HDB!F3397 -> 1.3477651 | I17: =ASN.HDB!F4655 -> 168.82095 | J17: =ASN.HDB!G3397 -> 1.1850146 | K17: =ASN.HDB!G4655 -> 329.06329 | L17: =ASN.HDB!H3397 -> 0.60247433 | M17: =ASN.HDB!H4655 -> 33.809425
A18: 14 | B18: =ASN.HDB!C3398 -> 0.70027655 | C18: =ASN.HDB!C4656 -> 146.23351 | D18: =ASN.HDB!D3398 -> 0.55726719 | E18: =ASN.HDB!D4656 -> 144.55534 | F18: =ASN.HDB!E3398 -> 0.96663857 | G18: =ASN.HDB!E4656 -> 231.8936 | H18: =ASN.HDB!F3398 -> 1.0469273 | I18: =ASN.HDB!F4656 -> 169.38332 | J18: =ASN.HDB!G3398 -> 1.0205098 | K18: =ASN.HDB!G4656 -> 333.35757 | L18: =ASN.HDB!H3398 -> 0.53324407 | M18: =ASN.HDB!H4656 -> 37.744633
... A39: 35 | B39: =ASN.HDB!C3419 -> 0.91921991 | C39: =ASN.HDB!C4677 -> 173.56299 | D39: =ASN.HDB!D3419 -> 0.76621431 | E39: =ASN.HDB!D4677 -> 173.21378 | F39: =ASN.HDB!E3419 -> 0.99874878 | G39: =ASN.HDB!E4677 -> 262.81223 | H39: =ASN.HDB!F3419 -> 0.14694178 | I39: =ASN.HDB!F4677 -> 177.1738 | J39: =ASN.HDB!G3419 -> 0.19395134 | K39: =ASN.HDB!G4677 -> 355.73499 | L39: =ASN.HDB!H3419 -> 0.22180627 | M39: =ASN.HDB!H4677 -> 27.889338

Sheet 230°
A1: ='0°'!A1 -> RAOs for Ile de Molene
A3: Direction = 230°
A4: Period | B4: Surge | D4: Sway | F4: Heave | H4: Roll | J4: Pitch | L4: Yaw
B5: Ampl. | C5: Phase | D5: Ampl. | E5: Phase | F5: Ampl. | G5: Phase | H5: Ampl. | I5: Phase | J5: Ampl. | K5: Phase | L5: Ampl. | M5: Phase
A6: (s) | B6: m/m | C6: deg | D6: m/m | E6: deg | F6: m/m | G6: deg | H6: deg/m | I6: deg | J6: deg/m | K6: deg | L6: deg/m | M6: deg
A7: 3 | B7: =ASN.HDB!C3421 -> 0.007578556 | C7: =ASN.HDB!C4679 -> 52.809277 | D7: =ASN.HDB!D3421 -> 0.0095202727 | E7: =ASN.HDB!D4679 -> 39.976582 | F7: =ASN.HDB!E3421 -> 0.0040502432 | G7: =ASN.HDB!E4679 -> 237.61874 | H7: =ASN.HDB!F3421 -> 0.013485244 | I7: =ASN.HDB!F4679 -> 50.442432 | J7: =ASN.HDB!G3421 -> 0.014103835 | K7: =ASN.HDB!G4679 -> 117.1626 | L7: =ASN.HDB!H3421 -> 0.052849688 | M7: =ASN.HDB!H4679 -> 44.505402
A8: 4 | B8: =ASN.HDB!C3422 -> 0.023235168 | C8: =ASN.HDB!C4680 -> 259.61664 | D8: =ASN.HDB!D3422 -> 0.033092458 | E8: =ASN.HDB!D4680 -> 267.88635 | F8: =ASN.HDB!E3422 -> 0.018029759 | G8: =ASN.HDB!E4680 -> 157.58513 | H8: =ASN.HDB!F3422 -> 0.17855486 | I8: =ASN.HDB!F4680 -> 254.30225 | J8: =ASN.HDB!G3422 -> 0.15115555 | K8: =ASN.HDB!G4680 -> 275.53735 | L8: =ASN.HDB!H3422 -> 0.17788121 | M8: =ASN.HDB!H4680 -> 221.61916
A9: 5 | B9: =ASN.HDB!C3423 -> 0.048990365 | C9: =ASN.HDB!C4681 -> 148.19183 | D9: =ASN.HDB!D3423 -> 0.053976107 | E9: =ASN.HDB!D4681 -> 104.37777 | F9: =ASN.HDB!E3423 -> 0.081688069 | G9: =ASN.HDB!E4681 -> 335.7562 | H9: =ASN.HDB!F3423 -> 0.35385761 | I9: =ASN.HDB!F4681 -> 7.2702022 | J9: =ASN.HDB!G3423 -> 0.26716217 | K9: =ASN.HDB!G4681 -> 221.53809 | L9: =ASN.HDB!H3423 -> 0.29193503 | M9: =ASN.HDB!H4681 -> 175.2157
A10: 6 | B10: =ASN.HDB!C3424 -> 0.040111624 | C10: =ASN.HDB!C4682 -> 345.74268 | D10: =ASN.HDB!D3424 -> 0.083874822 | E10: =ASN.HDB!D4682 -> 7.2125854 | F10: =ASN.HDB!E3424 -> 0.34960255 | G10: =ASN.HDB!E4682 -> 153.03624 | H10: =ASN.HDB!F3424 -> 0.4118962 | I10: =ASN.HDB!F4682 -> 348.97089 | J10: =ASN.HDB!G3424 -> 1.3499033 | K10: =ASN.HDB!G4682 -> 271.1994 | L10: =ASN.HDB!H3424 -> 0.7848624 | M10: =ASN.HDB!H4682 -> 270.0575
A11: 7 | B11: =ASN.HDB!C3425 -> 0.13328525 | C11: =ASN.HDB!C4683 -> 67.642128 | D11: =ASN.HDB!D3425 -> 0.25750473 | E11: =ASN.HDB!D4683 -> 53.267063 | F11: =ASN.HDB!E3425 -> 0.94246113 | G11: =ASN.HDB!E4683 -> 167.7216 | H11: =ASN.HDB!F3425 -> 1.0701734 | I11: =ASN.HDB!F4683 -> 335.27237 | J11: =ASN.HDB!G3425 -> 2.0959208 | K11: =ASN.HDB!G4683 -> 303.54596 | L11: =ASN.HDB!H3425 -> 0.93557858 | M11: =ASN.HDB!H4683 -> 318.76416
A12: 8 | B12: =ASN.HDB!C3426 -> 0.30410945 | C12: =ASN.HDB!C4684 -> 107.22824 | D12: =ASN.HDB!D3426 -> 0.38480866 | E12: =ASN.HDB!D4684 -> 82.078537 | F12: =ASN.HDB!E3426 -> 1.0485049 | G12: =ASN.HDB!E4684 -> 176.79492 | H12: =ASN.HDB!F3426 -> 2.2773061 | I12: =ASN.HDB!F4684 -> 330.38037 | J12: =ASN.HDB!G3426 -> 2.4370093 | K12: =ASN.HDB!G4684 -> 311.48105 | L12: =ASN.HDB!H3426 -> 0.89552248 | M12: =ASN.HDB!H4684 -> 351.85895
A13: 9 | B13: =ASN.HDB!C3427 -> 0.43936655 | C13: =ASN.HDB!C4685 -> 119.37695 | D13: =ASN.HDB!D3427 -> 0.45270589 | E13: =ASN.HDB!D4685 -> 101.80391 | F13: =ASN.HDB!E3427 -> 0.99659002 | G13: =ASN.HDB!E4685 -> 191.48495 | H13: =ASN.HDB!F3427 -> 5.2274451 | I13: =ASN.HDB!F4685 -> 300.97327 | J13: =ASN.HDB!G3427 -> 2.1322126 | K13: =ASN.HDB!G4685 -> 315.26331 | L13: =ASN.HDB!H3427 -> 0.85098374 | M13: =ASN.HDB!H4685 -> 21.453024
A14: 10 | B14: =ASN.HDB!C3428 -> 0.50807047 | C14: =ASN.HDB!C4686 -> 128.20154 | D14: =ASN.HDB!D3428 -> 0.51181769 | E14: =ASN.HDB!D4686 -> 122.66847 | F14: =ASN.HDB!E3428 -> 0.97038484 | G14: =ASN.HDB!E4686 -> 205.8636 | H14: =ASN.HDB!F3428 -> 6.5252481 | I14: =ASN.HDB!F4686 -> 224.84818 | J14: =ASN.HDB!G3428 -> 1.7417022 | K14: =ASN.HDB!G4686 -> 320.67258 | L14: =ASN.HDB!H3428 -> 1.0297155 | M14: =ASN.HDB!H4686 -> 28.471268
A15: 11 | B15: =ASN.HDB!C3429 -> 0.54545045 | C15: =ASN.HDB!C4687 -> 135.80049 | D15: =ASN.HDB!D3429 -> 0.59102368 | E15: =ASN.HDB!D4687 -> 132.38974 | F15: =ASN.HDB!E3429 -> 0.96712285 | G15: =ASN.HDB!E4687 -> 217.29921 | H15: =ASN.HDB!F3429 -> 3.653806 | I15: =ASN.HDB!F4687 -> 180.39761 | J15: =ASN.HDB!G3429 -> 1.4289145 | K15: =ASN.HDB!G4687 -> 326.25958 | L15: =ASN.HDB!H3429 -> 0.84493572 | M15: =ASN.HDB!H4687 -> 27.985615
A16: 12 | B16: =ASN.HDB!C3430 -> 0.56859541 | C16: =ASN.HDB!C4688 -> 142.15962 | D16: =ASN.HDB!D3430 -> 0.6278798 | E16: =ASN.HDB!D4688 -> 139.58534 | F16: =ASN.HDB!E3430 -> 0.97119689 | G16: =ASN.HDB!E4688 -> 226.03687 | H16: =ASN.HDB!F3430 -> 2.2465186 | I16: =ASN.HDB!F4688 -> 172.68051 | J16: =ASN.HDB!G3430 -> 1.1912849 | K16: =ASN.HDB!G4688 -> 331.21182 | L16: =ASN.HDB!H3430 -> 0.71051401 | M16: =ASN.HDB!H4688 -> 33.661713
A17: 13 | B17: =ASN.HDB!C3431 -> 0.5842784 | C17: =ASN.HDB!C4689 -> 147.39262 | D17: =ASN.HDB!D3431 -> 0.65382659 | E17: =ASN.HDB!D4689 -> 145.49292 | F17: =ASN.HDB!E3431 -> 0.97651684 | G17: =ASN.HDB!E4689 -> 232.77196 | H17: =ASN.HDB!F3431 -> 1.6128008 | I17: =ASN.HDB!F4689 -> 171.43388 | J17: =ASN.HDB!G3431 -> 1.0086665 | K17: =ASN.HDB!G4689 -> 335.38309 | L17: =ASN.HDB!H3431 -> 0.61874574 | M17: =ASN.HDB!H4689 -> 37.87484
A18: 14 | B18: =ASN.HDB!C3432 -> 0.59555137 | C18: =ASN.HDB!C4690 -> 151.6879 | D18: =ASN.HDB!D3432 -> 0.67346317 | E18: =ASN.HDB!D4690 -> 150.24339 | F18: =ASN.HDB!E3432 -> 0.98132432 | G18: =ASN.HDB!E4690 -> 238.05812 | H18: =ASN.HDB!F3432 -> 1.251889 | I18: =ASN.HDB!F4690 -> 171.56242 | J18: =ASN.HDB!G3432 -> 0.86548978 | K18: =ASN.HDB!G4690 -> 338.84567 | L18: =ASN.HDB!H3432 -> 0.54735279 | M18: =ASN.HDB!H4690 -> 40.609924
... A39: 35 | B39: =ASN.HDB!C3453 -> 0.77167809 | C39: =ASN.HDB!C4711 -> 174.65189 | D39: =ASN.HDB!D3453 -> 0.91360492 | E39: =ASN.HDB!D4711 -> 174.3062 | F39: =ASN.HDB!E3453 -> 0.99930853 | G39: =ASN.HDB!E4711 -> 263.96893 | H39: =ASN.HDB!F3453 -> 0.17517892 | I39: =ASN.HDB!F4711 -> 177.63069 | J39: =ASN.HDB!G3453 -> 0.1628245 | K39: =ASN.HDB!G4711 -> 356.97791 | L39: =ASN.HDB!H3453 -> 0.25137889 | M39: =ASN.HDB!H4711 -> 24.448866

Sheet 240°
A1: ='0°'!A1 -> RAOs for Ile de Molene
A3: Direction = 240°
A4: Period | B4: Surge | D4: Sway | F4: Heave | H4: Roll | J4: Pitch | L4: Yaw
B5: Ampl. | C5: Phase | D5: Ampl. | E5: Phase | F5: Ampl. | G5: Phase | H5: Ampl. | I5: Phase | J5: Ampl. | K5: Phase | L5: Ampl. | M5: Phase
A6: (s) | B6: m/m | C6: deg | D6: m/m | E6: deg | F6: m/m | G6: deg | H6: deg/m | I6: deg | J6: deg/m | K6: deg | L6: deg/m | M6: deg
A7: 3 | B7: =ASN.HDB!C3455 -> 0.0097490977 | C7: =ASN.HDB!C4713 -> 309.45175 | D7: =ASN.HDB!D3455 -> 0.019823385 | E7: =ASN.HDB!D4713 -> 299.68695 | F7: =ASN.HDB!E3455 -> 0.0082852487 | G7: =ASN.HDB!E4713 -> 144.46658 | H7: =ASN.HDB!F3455 -> 0.038485643 | I7: =ASN.HDB!F4713 -> 221.30115 | J7: =ASN.HDB!G3455 -> 0.0073901834 | K7: =ASN.HDB!G4713 -> 246.15552 | L7: =ASN.HDB!H3455 -> 0.065064579 | M7: =ASN.HDB!H4713 -> 307.44681
A8: 4 | B8: =ASN.HDB!C3456 -> 0.026840379 | C8: =ASN.HDB!C4714 -> 47.220764 | D8: =ASN.HDB!D3456 -> 0.058783062 | E8: =ASN.HDB!D4714 -> 21.861376 | F8: =ASN.HDB!E3456 -> 0.046552949 | G8: =ASN.HDB!E4714 -> 246.90352 | H8: =ASN.HDB!F3456 -> 0.20869938 | I8: =ASN.HDB!F4714 -> 311.0188 | J8: =ASN.HDB!G3456 -> 0.05415402 | K8: =ASN.HDB!G4714 -> 13.750468 | L8: =ASN.HDB!H3456 -> 0.12159161 | M8: =ASN.HDB!H4714 -> 43.093239
A9: 5 | B9: =ASN.HDB!C3457 -> 0.035802279 | C9: =ASN.HDB!C4715 -> 239.4969 | D9: =ASN.HDB!D3457 -> 0.03665942 | E9: =ASN.HDB!D4715 -> 289.18289 | F9: =ASN.HDB!E3457 -> 0.056871194 | G9: =ASN.HDB!E4715 -> 110.61745 | H9: =ASN.HDB!F3457 -> 0.23468985 | I9: =ASN.HDB!F4715 -> 323.84641 | J9: =ASN.HDB!G3457 -> 0.5778268 | K9: =ASN.HDB!G4715 -> 260.3392 | L9: =ASN.HDB!H3457 -> 0.60500777 | M9: =ASN.HDB!H4715 -> 232.23871
A10: 6 | B10: =ASN.HDB!C3458 -> 0.091227353 | C10: =ASN.HDB!C4716 -> 39.027035 | D10: =ASN.HDB!D3458 -> 0.20326729 | E10: =ASN.HDB!D4716 -> 35.120621 | F10: =ASN.HDB!E3458 -> 0.5617587 | G10: =ASN.HDB!E4716 -> 198.1393 | H10: =ASN.HDB!F3458 -> 0.66099918 | I10: =ASN.HDB!F4716 -> 335.25409 | J10: =ASN.HDB!G3458 -> 1.3292117 | K10: =ASN.HDB!G4716 -> 301.28357 | L10: =ASN.HDB!H3458 -> 0.88029093 | M10: =ASN.HDB!H4716 -> 305.93057
A11: 7 | B11: =ASN.HDB!C3459 -> 0.14685 | C11: =ASN.HDB!C4717 -> 86.336052 | D11: =ASN.HDB!D3459 -> 0.37023324 | E11: =ASN.HDB!D4717 -> 77.370018 | F11: =ASN.HDB!E3459 -> 1.127949 | G11: =ASN.HDB!E4717 -> 198.54697 | H11: =ASN.HDB!F3459 -> 1.3401144 | I11: =ASN.HDB!F4717 -> 340.1781 | J11: =ASN.HDB!G3459 -> 1.8003573 | K11: =ASN.HDB!G4717 -> 330.76425 | L11: =ASN.HDB!H3459 -> 0.90926224 | M11: =ASN.HDB!H4717 -> 346.52399
A12: 8 | B12: =ASN.HDB!C3460 -> 0.26590261 | C12: =ASN.HDB!C4718 -> 124.73509 | D12: =ASN.HDB!D3460 -> 0.48813772 | E12: =ASN.HDB!D4718 -> 101.90257 | F12: =ASN.HDB!E3460 -> 1.1552638 | G12: =ASN.HDB!E4718 -> 200.56267 | H12: =ASN.HDB!F3460 -> 2.6295455 | I12: =ASN.HDB!F4718 -> 334.793 | J12: =ASN.HDB!G3460 -> 2.0513258 | K12: =ASN.HDB!G4718 -> 332.35709 | L12: =ASN.HDB!H3460 -> 0.83586639 | M12: =ASN.HDB!H4718 -> 14.13246
A13: 9 | B13: =ASN.HDB!C3461 -> 0.36664557 | C13: =ASN.HDB!C4719 -> 134.26537 | D13: =ASN.HDB!D3461 -> 0.54756355 | E13: =ASN.HDB!D4719 -> 118.60558 | F13: =ASN.HDB!E3461 -> 1.0662235 | G13: =ASN.HDB!E4719 -> 210.16153 | H13: =ASN.HDB!F3461 -> 5.7254453 | I13: =ASN.HDB!F4719 -> 303.13086 | J13: =ASN.HDB!G3461 -> 1.7518357 | K13: =ASN.HDB!G4719 -> 331.45245 | L13: =ASN.HDB!H3461 -> 0.82055962 | M13: =ASN.HDB!H4719 -> 39.390713
A14: 10 | B14: =ASN.HDB!C3462 -> 0.41395381 | C14: =ASN.HDB!C4720 -> 140.47038 | D14: =ASN.HDB!D3462 -> 0.61385804 | E14: =ASN.HDB!D4720 -> 135.68459 | F14: =ASN.HDB!E3462 -> 1.0194489 | G14: =ASN.HDB!E4720 -> 220.62785 | H14: =ASN.HDB!F3462 -> 7.0330014 | I14: =ASN.HDB!F4720 -> 230.35938 | J14: =ASN.HDB!G3462 -> 1.4066924 | K14: =ASN.HDB!G4720 -> 333.66699 | L14: =ASN.HDB!H3462 -> 0.9782331 | M14: =ASN.HDB!H4720 -> 39.350117
A15: 11 | B15: =ASN.HDB!C3463 -> 0.43800828 | C15: =ASN.HDB!C4721 -> 145.99754 | D15: =ASN.HDB!D3463 -> 0.69245291 | E15: =ASN.HDB!D4721 -> 143.02174 | F15: =ASN.HDB!E3463 -> 1.0020703 | G15: =ASN.HDB!E4721 -> 229.22955 | H15: =ASN.HDB!F3463 -> 4.1174536 | I15: =ASN.HDB!F4721 -> 185.28094 | J15: =ASN.HDB!G3463 -> 1.1411483 | K15: =ASN.HDB!G4721 -> 336.98495 | L15: =ASN.HDB!H3463 -> 0.78421056 | M15: =ASN.HDB!H4721 -> 35.173962
A16: 12 | B16: =ASN.HDB!C3464 -> 0.45239139 | C16: =ASN.HDB!C4722 -> 150.74683 | D16: =ASN.HDB!D3464 -> 0.72748476 | E16: =ASN.HDB!D4722 -> 148.5428 | F16: =ASN.HDB!E3464 -> 0.99640477 | G16: =ASN.HDB!E4722 -> 235.90514 | H16: =ASN.HDB!F3464 -> 2.5466673 | I16: =ASN.HDB!F4722 -> 176.14937 | J16: =ASN.HDB!G3464 -> 0.94435704 | K16: =ASN.HDB!G4722 -> 340.25772 | L16: =ASN.HDB!H3464 -> 0.6518864 | M16: =ASN.HDB!H4722 -> 38.669342
A17: 13 | B17: =ASN.HDB!C3465 -> 0.46202412 | C17: =ASN.HDB!C4723 -> 154.71672 | D17: =ASN.HDB!D3465 -> 0.75232041 | E17: =ASN.HDB!D4723 -> 153.13545 | F17: =ASN.HDB!E3465 -> 0.99503404 | G17: =ASN.HDB!E4723 -> 241.09212 | H17: =ASN.HDB!F3465 -> 1.8287572 | I17: =ASN.HDB!F4723 -> 174.23692 | J17: =ASN.HDB!G3465 -> 0.79562765 | K17: =ASN.HDB!G4723 -> 343.14526 | L17: =ASN.HDB!H3465 -> 0.56675327 | M17: =ASN.HDB!H4723 -> 41.143669
A18: 14 | B18: =ASN.HDB!C3466 -> 0.46896151 | C18: =ASN.HDB!C4724 -> 158.00713 | D18: =ASN.HDB!D3466 -> 0.77136618 | E18: =ASN.HDB!D4724 -> 156.83694 | F18: =ASN.HDB!E3466 -> 0.99519092 | G18: =ASN.HDB!E4724 -> 245.18031 | H18: =ASN.HDB!F3466 -> 1.4190698 | I18: =ASN.HDB!F4724 -> 173.95276 | J18: =ASN.HDB!G3466 -> 0.68035728 | K18: =ASN.HDB!G4724 -> 345.60153 | L18: =ASN.HDB!H3466 -> 0.50272292 | M18: =ASN.HDB!H4724 -> 42.383156
... A39: 35 | B39: =ASN.HDB!C3487 -> 0.60050279 | C39: =ASN.HDB!C4745 -> 175.93097 | D39: =ASN.HDB!D3487 -> 1.0333407 | E39: =ASN.HDB!D4745 -> 175.57394 | F39: =ASN.HDB!E3487 -> 0.99983168 | G39: =ASN.HDB!E4745 -> 265.30875 | H39: =ASN.HDB!F3487 -> 0.19809788 | I39: =ASN.HDB!F4745 -> 178.14574 | J39: =ASN.HDB!G3487 -> 0.12673409 | K39: =ASN.HDB!G4745 -> 358.60385 | L39: =ASN.HDB!H3487 -> 0.26954696 | M39: =ASN.HDB!H4745 -> 19.825005

Sheet 250°
A1: ='0°'!A1 -> RAOs for Ile de Molene
A3: Direction = 250°
A4: Period | B4: Surge | D4: Sway | F4: Heave | H4: Roll | J4: Pitch | L4: Yaw
B5: Ampl. | C5: Phase | D5: Ampl. | E5: Phase | F5: Ampl. | G5: Phase | H5: Ampl. | I5: Phase | J5: Ampl. | K5: Phase | L5: Ampl. | M5: Phase
A6: (s) | B6: m/m | C6: deg | D6: m/m | E6: deg | F6: m/m | G6: deg | H6: deg/m | I6: deg | J6: deg/m | K6: deg | L6: deg/m | M6: deg
A7: 3 | B7: =ASN.HDB!C3489 -> 0.010768135 | C7: =ASN.HDB!C4747 -> 221.48863 | D7: =ASN.HDB!D3489 -> 0.030635219 | E7: =ASN.HDB!D4747 -> 228.34988 | F7: =ASN.HDB!E3489 -> 0.0060403948 | G7: =ASN.HDB!E4747 -> 74.456795 | H7: =ASN.HDB!F3489 -> 0.085738085 | I7: =ASN.HDB!F4747 -> 190.2343 | J7: =ASN.HDB!G3489 -> 0.050794464 | K7: =ASN.HDB!G4747 -> 179.68832 | L7: =ASN.HDB!H3489 -> 0.070445463 | M7: =ASN.HDB!H4747 -> 215.17937
A8: 4 | B8: =ASN.HDB!C3490 -> 0.02803668 | C8: =ASN.HDB!C4748 -> 195.41333 | D8: =ASN.HDB!D3490 -> 0.039819349 | E8: =ASN.HDB!D4748 -> 215.23648 | F8: =ASN.HDB!E3490 -> 0.022448707 | G8: =ASN.HDB!E4748 -> 16.580421 | H8: =ASN.HDB!F3490 -> 0.19136861 | I8: =ASN.HDB!F4748 -> 258.77783 | J8: =ASN.HDB!G3490 -> 0.20694901 | K8: =ASN.HDB!G4748 -> 212.00163 | L8: =ASN.HDB!H3490 -> 0.40221891 | M8: =ASN.HDB!H4748 -> 185.5986
A9: 5 | B9: =ASN.HDB!C3491 -> 0.043009099 | C9: =ASN.HDB!C4749 -> 5.8963017 | D9: =ASN.HDB!D3491 -> 0.17400548 | E9: =ASN.HDB!D4749 -> 12.966276 | F9: =ASN.HDB!E3491 -> 0.18040134 | G9: =ASN.HDB!E4749 -> 207.70386 | H9: =ASN.HDB!F3491 -> 0.50245935 | I9: =ASN.HDB!F4749 -> 329.68805 | J9: =ASN.HDB!G3491 -> 0.66027087 | K9: =ASN.HDB!G4749 -> 302.53922 | L9: =ASN.HDB!H3491 -> 0.68324602 | M9: =ASN.HDB!H4749 -> 293.9397
A10: 6 | B10: =ASN.HDB!C3492 -> 0.12974505 | C10: =ASN.HDB!C4750 -> 78.243103 | D10: =ASN.HDB!D3492 -> 0.3380225 | E10: =ASN.HDB!D4750 -> 73.415596 | F10: =ASN.HDB!E3492 -> 0.75096452 | G10: =ASN.HDB!E4750 -> 240.43297 | H10: =ASN.HDB!F3492 -> 0.83676517 | I10: =ASN.HDB!F4750 -> 348.13092 | J10: =ASN.HDB!G3492 -> 0.89549559 | K10: =ASN.HDB!G4750 -> 330.77902 | L10: =ASN.HDB!H3492 -> 0.74827981 | M10: =ASN.HDB!H4750 -> 347.01526
A11: 7 | B11: =ASN.HDB!C3493 -> 0.13144167 | C11: =ASN.HDB!C4751 -> 101.95919 | D11: =ASN.HDB!D3493 -> 0.47703296 | E11: =ASN.HDB!D4751 -> 105.6412 | F11: =ASN.HDB!E3493 -> 1.2610881 | G11: =ASN.HDB!E4751 -> 231.13135 | H11: =ASN.HDB!F3493 -> 1.4420407 | I11: =ASN.HDB!F4751 -> 347.05515 | J11: =ASN.HDB!G3493 -> 1.1991143 | K11: =ASN.HDB!G4751 -> 7.2167492 | L11: =ASN.HDB!H3493 -> 0.70711678 | M11: =ASN.HDB!H4751 -> 17.970615
A12: 8 | B12: =ASN.HDB!C3494 -> 0.18899091 | C12: =ASN.HDB!C4752 -> 143.44032 | D12: =ASN.HDB!D3494 -> 0.57692224 | E12: =ASN.HDB!D4752 -> 124.35857 | F12: =ASN.HDB!E3494 -> 1.2328869 | G12: =ASN.HDB!E4752 -> 226.29485 | H12: =ASN.HDB!F3494 -> 2.8024025 | I12: =ASN.HDB!F4752 -> 339.2915 | J12: =ASN.HDB!G3494 -> 1.4666365 | K12: =ASN.HDB!G4752 -> 359.52588 | L12: =ASN.HDB!H3494 -> 0.64274603 | M12: =ASN.HDB!H4752 -> 39.408623
A13: 9 | B13: =ASN.HDB!C3495 -> 0.25982416 | C13: =ASN.HDB!C4753 -> 150.94344 | D13: =ASN.HDB!D3495 -> 0.62689972 | E13: =ASN.HDB!D4753 -> 137.25026 | F13: =ASN.HDB!E3495 -> 1.1204095 | G13: =ASN.HDB!E4753 -> 230.48373 | H13: =ASN.HDB!F3495 -> 6.0492187 | I13: =ASN.HDB!F4753 -> 306.12674 | J13: =ASN.HDB!G3495 -> 1.2496514 | K13: =ASN.HDB!G4753 -> 352.0943 | L13: =ASN.HDB!H3495 -> 0.67778981 | M13: =ASN.HDB!H4753 -> 59.552586
A14: 10 | B14: =ASN.HDB!C3496 -> 0.29134485 | C14: =ASN.HDB!C4754 -> 154.20485 | D14: =ASN.HDB!D3496 -> 0.69977057 | E14: =ASN.HDB!D4754 -> 150.19275 | F14: =ASN.HDB!E3496 -> 1.0587372 | G14: =ASN.HDB!E4754 -> 236.77533 | H14: =ASN.HDB!F3496 -> 7.3679714 | I14: =ASN.HDB!F4754 -> 235.03685 | J14: =ASN.HDB!G3496 -> 0.99379778 | K14: =ASN.HDB!G4754 -> 350.0701 | L14: =ASN.HDB!H3496 -> 0.81833661 | M14: =ASN.HDB!H4754 -> 49.677979
A15: 11 | B15: =ASN.HDB!C3497 -> 0.30611166 | C15: =ASN.HDB!C4755 -> 157.36548 | D15: =ASN.HDB!D3497 -> 0.77380133 | E15: =ASN.HDB!D4755 -> 154.7973 | F15: =ASN.HDB!E3497 -> 1.0303268 | G15: =ASN.HDB!E4755 -> 242.3333 | H15: =ASN.HDB!F3497 -> 4.4466348 | I15: =ASN.HDB!F4755 -> 189.7083 | J15: =ASN.HDB!G3497 -> 0.79960006 | K15: =ASN.HDB!G4755 -> 350.47729 | L15: =ASN.HDB!H3497 -> 0.63646114 | M15: =ASN.HDB!H4755 -> 40.132885
A16: 12 | B16: =ASN.HDB!C3498 -> 0.31443891 | C16: =ASN.HDB!C4756 -> 160.28659 | D16: =ASN.HDB!D3498 -> 0.80528277 | E16: =ASN.HDB!D4756 -> 158.46048 | F16: =ASN.HDB!E3498 -> 1.0168679 | G16: =ASN.HDB!E4756 -> 246.77237 | H16: =ASN.HDB!F3498 -> 2.7663231 | I16: =ASN.HDB!F4756 -> 179.5741 | J16: =ASN.HDB!G3498 -> 0.65776485 | K16: =ASN.HDB!G4756 -> 351.64496 | L16: =ASN.HDB!H3498 -> 0.52348381 | M16: =ASN.HDB!H4756 -> 40.912758
A17: 13 | B17: =ASN.HDB!C3499 -> 0.31984606 | C17: =ASN.HDB!C4757 -> 162.83298 | D17: =ASN.HDB!D3499 -> 0.82808107 | E17: =ASN.HDB!D4757 -> 161.59688 | F17: =ASN.HDB!E3499 -> 1.0100965 | G17: =ASN.HDB!E4757 -> 250.26872 | H17: =ASN.HDB!F3499 -> 1.9880548 | I17: =ASN.HDB!F4757 -> 177.12003 | J17: =ASN.HDB!G3499 -> 0.5518229 | K17: =ASN.HDB!G4757 -> 352.94913 | L17: =ASN.HDB!H3499 -> 0.45734102 | M17: =ASN.HDB!H4757 -> 41.265285
A18: 14 | B18: =ASN.HDB!C3500 -> 0.32369998 | C18: =ASN.HDB!C4758 -> 164.99809 | D18: =ASN.HDB!D3500 -> 0.8458901 | E18: =ASN.HDB!D4758 -> 164.13626 | F18: =ASN.HDB!E3500 -> 1.0064826 | G18: =ASN.HDB!E4758 -> 253.04295 | H18: =ASN.HDB!F3500 -> 1.5426992 | I18: =ASN.HDB!F4758 -> 176.46689 | J18: =ASN.HDB!G3500 -> 0.47045082 | K18: =ASN.HDB!G4758 -> 354.17819 | L18: =ASN.HDB!H3500 -> 0.41030785 | M18: =ASN.HDB!H4758 -> 40.700161
... A39: 35 | B39: =ASN.HDB!C3521 -> 0.41087115 | C39: =ASN.HDB!C4779 -> 177.39648 | D39: =ASN.HDB!D3521 -> 1.1216784 | E39: =ASN.HDB!D4779 -> 176.97723 | F39: =ASN.HDB!E3521 -> 1.0002596 | G39: =ASN.HDB!E4779 -> 266.79102 | H39: =ASN.HDB!F3521 -> 0.21500315 | I39: =ASN.HDB!F4779 -> 178.71611 | J39: =ASN.HDB!G3521 -> 0.086789049 | K39: =ASN.HDB!G4779 -> 0.92390478 | L39: =ASN.HDB!H3521 -> 0.27882856 | M39: =ASN.HDB!H4779 -> 13.963055

Sheet 260°
A1: ='0°'!A1 -> RAOs for Ile de Molene
A3: Direction = 260°
A4: Period | B4: Surge | D4: Sway | F4: Heave | H4: Roll | J4: Pitch | L4: Yaw
B5: Ampl. | C5: Phase | D5: Ampl. | E5: Phase | F5: Ampl. | G5: Phase | H5: Ampl. | I5: Phase | J5: Ampl. | K5: Phase | L5: Ampl. | M5: Phase
A6: (s) | B6: m/m | C6: deg | D6: m/m | E6: deg | F6: m/m | G6: deg | H6: deg/m | I6: deg | J6: deg/m | K6: deg | L6: deg/m | M6: deg
A7: 3 | B7: =ASN.HDB!C3523 -> 0.0082401009 | C7: =ASN.HDB!C4781 -> 162.12091 | D7: =ASN.HDB!D3523 -> 0.034472294 | E7: =ASN.HDB!D4781 -> 179.90399 | F7: =ASN.HDB!E3523 -> 0.0081491861 | G7: =ASN.HDB!E4781 -> 359.38489 | H7: =ASN.HDB!F3523 -> 0.14173375 | I7: =ASN.HDB!F4781 -> 178.71828 | J7: =ASN.HDB!G3523 -> 0.02860136 | K7: =ASN.HDB!G4781 -> 162.15204 | L7: =ASN.HDB!H3523 -> 0.13374415 | M7: =ASN.HDB!H4781 -> 123.21659
A8: 4 | B8: =ASN.HDB!C3524 -> 0.025051143 | C8: =ASN.HDB!C4782 -> 7.8112645 | D8: =ASN.HDB!D3524 -> 0.1518846 | E8: =ASN.HDB!D4782 -> 2.9864368 | F8: =ASN.HDB!E3524 -> 0.068374448 | G8: =ASN.HDB!E4782 -> 202.23187 | H8: =ASN.HDB!F3524 -> 0.31400472 | I8: =ASN.HDB!F4782 -> 332.15787 | J8: =ASN.HDB!G3524 -> 0.19179308 | K8: =ASN.HDB!G4782 -> 291.2124 | L8: =ASN.HDB!H3524 -> 0.27123851 | M8: =ASN.HDB!H4782 -> 291.93164
A9: 5 | B9: =ASN.HDB!C3525 -> 0.062071346 | C9: =ASN.HDB!C4783 -> 96.030609 | D9: =ASN.HDB!D3525 -> 0.29862913 | E9: =ASN.HDB!D4783 -> 79.169342 | F9: =ASN.HDB!E3525 -> 0.29108509 | G9: =ASN.HDB!E4783 -> 270.77264 | H9: =ASN.HDB!F3525 -> 0.39267156 | I9: =ASN.HDB!F4783 -> 9.0238705 | J9: =ASN.HDB!G3525 -> 0.37336731 | K9: =ASN.HDB!G4783 -> 332.53787 | L9: =ASN.HDB!H3525 -> 0.35658669 | M9: =ASN.HDB!H4783 -> 1.8267131
A10: 6 | B10: =ASN.HDB!C3526 -> 0.13297269 | C10: =ASN.HDB!C4784 -> 112.33154 | D10: =ASN.HDB!D3526 -> 0.43778494 | E10: =ASN.HDB!D4784 -> 116.33484 | F10: =ASN.HDB!E3526 -> 0.83265865 | G10: =ASN.HDB!E4784 -> 282.78052 | H10: =ASN.HDB!F3526 -> 0.68726027 | I10: =ASN.HDB!F4784 -> 359.91769 | J10: =ASN.HDB!G3526 -> 0.19651435 | K10: =ASN.HDB!G4784 -> 297.53888 | L10: =ASN.HDB!H3526 -> 0.36757416 | M10: =ASN.HDB!H4784 -> 32.473988
A11: 7 | B11: =ASN.HDB!C3527 -> 0.097574212 | C11: =ASN.HDB!C4785 -> 101.21583 | D11: =ASN.HDB!D3527 -> 0.54960334 | E11: =ASN.HDB!D4785 -> 136.82442 | F11: =ASN.HDB!E3527 -> 1.2970864 | G11: =ASN.HDB!E4785 -> 265.20496 | H11: =ASN.HDB!F3527 -> 1.3796189 | I11: =ASN.HDB!F4785 -> 349.5799 | J11: =ASN.HDB!G3527 -> 0.56983232 | K11: =ASN.HDB!G4785 -> 86.368385 | L11: =ASN.HDB!H3527 -> 0.3440924 | M11: =ASN.HDB!H4785 -> 53.48914
A12: 8 | B12: =ASN.HDB!C3528 -> 0.076289207 | C12: =ASN.HDB!C4786 -> 157.42183 | D12: =ASN.HDB!D3528 -> 0.63383394 | E12: =ASN.HDB!D4786 -> 148.71603 | F12: =ASN.HDB!E3528 -> 1.2611943 | G12: =ASN.HDB!E4786 -> 253.42596 | H12: =ASN.HDB!F3528 -> 2.8423324 | I12: =ASN.HDB!F4786 -> 341.65289 | J12: =ASN.HDB!G3528 -> 0.79703176 | K12: =ASN.HDB!G4786 -> 45.6856 | L12: =ASN.HDB!H3528 -> 0.33499551 | M12: =ASN.HDB!H4786 -> 69.055733
A13: 9 | B13: =ASN.HDB!C3529 -> 0.12324517 | C13: =ASN.HDB!C4787 -> 169.41205 | D13: =ASN.HDB!D3529 -> 0.67929429 | E13: =ASN.HDB!D4787 -> 157.21986 | F13: =ASN.HDB!E3529 -> 1.1481386 | G13: =ASN.HDB!E4787 -> 251.91905 | H13: =ASN.HDB!F3529 -> 6.1975226 | I13: =ASN.HDB!F4787 -> 308.62491 | J13: =ASN.HDB!G3529 -> 0.67866892 | K13: =ASN.HDB!G4787 -> 25.093073 | L13: =ASN.HDB!H3529 -> 0.43647116 | M13: =ASN.HDB!H4787 -> 82.185783
A14: 10 | B14: =ASN.HDB!C3530 -> 0.14523058 | C14: =ASN.HDB!C4788 -> 169.47112 | D14: =ASN.HDB!D3530 -> 0.75967151 | E14: =ASN.HDB!D4788 -> 165.69635 | F14: =ASN.HDB!E3530 -> 1.0815897 | G14: =ASN.HDB!E4788 -> 253.85492 | H14: =ASN.HDB!F3530 -> 7.5480895 | I14: =ASN.HDB!F4788 -> 238.92618 | J14: =ASN.HDB!G3530 -> 0.53308558 | K14: =ASN.HDB!G4788 -> 15.730005 | L14: =ASN.HDB!H3530 -> 0.57294559 | M14: =ASN.HDB!H4788 -> 55.792614
A15: 11 | B15: =ASN.HDB!C3531 -> 0.15485369 | C15: =ASN.HDB!C4789 -> 169.82199 | D15: =ASN.HDB!D3531 -> 0.82720906 | E15: =ASN.HDB!D4789 -> 167.35103 | F15: =ASN.HDB!E3531 -> 1.0476228 | G15: =ASN.HDB!E4789 -> 256.2319 | H15: =ASN.HDB!F3531 -> 4.6421094 | I15: =ASN.HDB!F4789 -> 193.59171 | J15: =ASN.HDB!G3531 -> 0.42410901 | K15: =ASN.HDB!G4789 -> 11.48158 | L15: =ASN.HDB!H3531 -> 0.43769842 | M15: =ASN.HDB!H4789 -> 36.787075
A16: 12 | B16: =ASN.HDB!C3532 -> 0.15980074 | C16: =ASN.HDB!C4790 -> 170.6066 | D16: =ASN.HDB!D3532 -> 0.85502589 | E16: =ASN.HDB!D4790 -> 169.0349 | F16: =ASN.HDB!E3532 -> 1.0297109 | G16: =ASN.HDB!E4790 -> 258.31943 | H16: =ASN.HDB!F3532 -> 2.8999205 | I16: =ASN.HDB!F4790 -> 182.85518 | J16: =ASN.HDB!G3532 -> 0.34590045 | K16: =ASN.HDB!G4790 -> 9.447587 | L16: =ASN.HDB!H3532 -> 0.35998935 | M16: =ASN.HDB!H4790 -> 33.794613
A17: 13 | B17: =ASN.HDB!C3533 -> 0.16274709 | C17: =ASN.HDB!C4791 -> 171.5303 | D17: =ASN.HDB!D3533 -> 0.87593925 | E17: =ASN.HDB!D4791 -> 170.61867 | F17: =ASN.HDB!E3533 -> 1.0196806 | G17: =ASN.HDB!E4791 -> 260.02921 | H17: =ASN.HDB!F3533 -> 2.0855968 | I17: =ASN.HDB!F4791 -> 179.99976 | J17: =ASN.HDB!G3533 -> 0.28836149 | K17: =ASN.HDB!G4791 -> 8.4271908 | L17: =ASN.HDB!H3533 -> 0.32274991 | M17: =ASN.HDB!H4791 -> 31.82716
A18: 14 | B18: =ASN.HDB!C3534 -> 0.16471536 | C18: =ASN.HDB!C4792 -> 172.44215 | D18: =ASN.HDB!D3534 -> 0.89261377 | E18: =ASN.HDB!D4792 -> 171.9185 | F18: =ASN.HDB!E3534 -> 1.0137275 | G18: =ASN.HDB!E4792 -> 261.41083 | H18: =ASN.HDB!F3534 -> 1.6185961 | I18: =ASN.HDB!F4792 -> 179.03429 | J18: =ASN.HDB!G3534 -> 0.24470221 | K18: =ASN.HDB!G4792 -> 7.9004402 | L18: =ASN.HDB!H3534 -> 0.29990679 | M18: =ASN.HDB!H4792 -> 29.624397
... A39: 35 | B39: =ASN.HDB!C3555 -> 0.20857593 | C39: =ASN.HDB!C4813 -> 179.17201 | D39: =ASN.HDB!D3555 -> 1.1758281 | E39: =ASN.HDB!D4813 -> 178.47507 | F39: =ASN.HDB!E3555 -> 1.0005364 | G39: =ASN.HDB!E4813 -> 268.37073 | H39: =ASN.HDB!F3555 -> 0.22536725 | I39: =ASN.HDB!F4813 -> 179.30949 | J39: =ASN.HDB!G3555 -> 0.04428903 | K39: =ASN.HDB!G4813 -> 5.6112638 | L39: =ASN.HDB!H3555 -> 0.28262073 | M39: =ASN.HDB!H4813 -> 7.028091

Sheet 270°
A1: ='0°'!A1 -> RAOs for Ile de Molene
A3: Direction = 270°
A4: Period | B4: Surge | D4: Sway | F4: Heave | H4: Roll | J4: Pitch | L4: Yaw
B5: Ampl. | C5: Phase | D5: Ampl. | E5: Phase | F5: Ampl. | G5: Phase | H5: Ampl. | I5: Phase | J5: Ampl. | K5: Phase | L5: Ampl. | M5: Phase
A6: (s) | B6: m/m | C6: deg | D6: m/m | E6: deg | F6: m/m | G6: deg | H6: deg/m | I6: deg | J6: deg/m | K6: deg | L6: deg/m | M6: deg
A7: 3 | B7: =ASN.HDB!C3557 -> 0.0033630875 | C7: =ASN.HDB!C4815 -> 110.52187 | D7: =ASN.HDB!D3557 -> 0.053728767 | E7: =ASN.HDB!D4815 -> 346.44275 | F7: =ASN.HDB!E3557 -> 0.019749874 | G7: =ASN.HDB!E4815 -> 172.07269 | H7: =ASN.HDB!F3557 -> 0.034756359 | I7: =ASN.HDB!F4815 -> 341.84378 | J7: =ASN.HDB!G3557 -> 0.048422448 | K7: =ASN.HDB!G4815 -> 153.30464 | L7: =ASN.HDB!H3557 -> 0.10196479 | M7: =ASN.HDB!H4815 -> 148.95735
A8: 4 | B8: =ASN.HDB!C3558 -> 0.019570542 | C8: =ASN.HDB!C4816 -> 167.66656 | D8: =ASN.HDB!D3558 -> 0.16475317 | E8: =ASN.HDB!D4816 -> 105.11551 | F8: =ASN.HDB!E3558 -> 0.078855105 | G8: =ASN.HDB!E4816 -> 295.85635 | H8: =ASN.HDB!F3558 -> 0.078305341 | I8: =ASN.HDB!F4816 -> 170.70171 | J8: =ASN.HDB!G3558 -> 0.12560302 | K8: =ASN.HDB!G4816 -> 230.82481 | L8: =ASN.HDB!H3558 -> 0.20623775 | M8: =ASN.HDB!H4816 -> 218.42905
A9: 5 | B9: =ASN.HDB!C3559 -> 0.049438175 | C9: =ASN.HDB!C4817 -> 172.51733 | D9: =ASN.HDB!D3559 -> 0.31890184 | E9: =ASN.HDB!D4817 -> 144.82004 | F9: =ASN.HDB!E3559 -> 0.2931855 | G9: =ASN.HDB!E4817 -> 329.49252 | H9: =ASN.HDB!F3559 -> 0.15675627 | I9: =ASN.HDB!F4817 -> 283.91318 | J9: =ASN.HDB!G3559 -> 0.37852809 | K9: =ASN.HDB!G4817 -> 279.13638 | L9: =ASN.HDB!H3559 -> 0.19863562 | M9: =ASN.HDB!H4817 -> 236.5905
A10: 6 | B10: =ASN.HDB!C3560 -> 0.10300723 | C10: =ASN.HDB!C4818 -> 134.91278 | D10: =ASN.HDB!D3560 -> 0.45837513 | E10: =ASN.HDB!D4818 -> 161.53757 | F10: =ASN.HDB!E3560 -> 0.7581827 | G10: =ASN.HDB!E4818 -> 325.47733 | H10: =ASN.HDB!F3560 -> 0.53816068 | I10: =ASN.HDB!F4818 -> 337.06119 | J10: =ASN.HDB!G3560 -> 1.0084249 | K10: =ASN.HDB!G4818 -> 246.88487 | L10: =ASN.HDB!H3560 -> 0.1443627 | M10: =ASN.HDB!H4818 -> 252.77133
A11: 7 | B11: =ASN.HDB!C3561 -> 0.10827717 | C11: =ASN.HDB!C4819 -> 76.900146 | D11: =ASN.HDB!D3561 -> 0.56570399 | E11: =ASN.HDB!D4819 -> 169.71457 | F11: =ASN.HDB!E3561 -> 1.2147096 | G11: =ASN.HDB!E4819 -> 300.41354 | H11: =ASN.HDB!F3561 -> 1.3655134 | I11: =ASN.HDB!F4819 -> 344.81171 | J11: =ASN.HDB!G3561 -> 1.1238266 | K11: =ASN.HDB!G4819 -> 186.70627 | L11: =ASN.HDB!H3561 -> 0.10696583 | M11: =ASN.HDB!H4819 -> 250.4715
A12: 8 | B12: =ASN.HDB!C3562 -> 0.065111868 | C12: =ASN.HDB!C4820 -> 28.482843 | D12: =ASN.HDB!D3562 -> 0.64643735 | E12: =ASN.HDB!D4820 -> 174.1749 | F12: =ASN.HDB!E3562 -> 1.2285064 | G12: =ASN.HDB!E4820 -> 281.4021 | H12: =ASN.HDB!F3562 -> 2.8816648 | I12: =ASN.HDB!F4820 -> 341.98859 | J12: =ASN.HDB!G3562 -> 0.72244859 | K12: =ASN.HDB!G4820 -> 141.93839 | L12: =ASN.HDB!H3562 -> 0.060547009 | M12: =ASN.HDB!H4820 -> 221.61325
A13: 9 | B13: =ASN.HDB!C3563 -> 0.031545307 | C13: =ASN.HDB!C4821 -> 359.53503 | D13: =ASN.HDB!D3563 -> 0.69623494 | E13: =ASN.HDB!D4821 -> 177.88049 | F13: =ASN.HDB!E3563 -> 1.1420867 | G13: =ASN.HDB!E4821 -> 273.9462 | H13: =ASN.HDB!F3563 -> 6.263093 | I13: =ASN.HDB!F4821 -> 310.78677 | J13: =ASN.HDB!G3563 -> 0.4053418 | K13: =ASN.HDB!G4821 -> 116.5663 | L13: =ASN.HDB!H3563 -> 0.13400756 | M13: =ASN.HDB!H4821 -> 116.46718
A14: 10 | B14: =ASN.HDB!C3564 -> 0.015250275 | C14: =ASN.HDB!C4822 -> 345.66708 | D14: =ASN.HDB!D3564 -> 0.78561759 | E14: =ASN.HDB!D4822 -> 181.68085 | F14: =ASN.HDB!E3564 -> 1.0834851 | G14: =ASN.HDB!E4822 -> 271.41577 | H14: =ASN.HDB!F3564 -> 7.5979223 | I14: =ASN.HDB!F4822 -> 242.2621 | J14: =ASN.HDB!G3564 -> 0.23948 | K14: =ASN.HDB!G4822 -> 104.12023 | L14: =ASN.HDB!H3564 -> 0.31747934 | M14: =ASN.HDB!H4822 -> 42.969315
A15: 11 | B15: =ASN.HDB!C3565 -> 0.0077709123 | C15: =ASN.HDB!C4823 -> 340.90656 | D15: =ASN.HDB!D3565 -> 0.84678578 | E15: =ASN.HDB!D4823 -> 180.29135 | F15: =ASN.HDB!E3565 -> 1.0510808 | G15: =ASN.HDB!E4823 -> 270.53925 | H15: =ASN.HDB!F3565 -> 4.7099271 | I15: =ASN.HDB!F4823 -> 196.97005 | J15: =ASN.HDB!G3565 -> 0.15489763 | K15: =ASN.HDB!G4823 -> 98.070435 | L15: =ASN.HDB!H3565 -> 0.2987614 | M15: =ASN.HDB!H4823 -> 8.2936239
A16: 12 | B16: =ASN.HDB!C3566 -> 0.0041774209 | C16: =ASN.HDB!C4824 -> 342.93002 | D16: =ASN.HDB!D3566 -> 0.8722558 | E16: =ASN.HDB!D4824 -> 179.94063 | F16: =ASN.HDB!E3566 -> 1.0329999 | G16: =ASN.HDB!E4824 -> 270.21494 | H16: =ASN.HDB!F3566 -> 2.9456012 | I16: =ASN.HDB!F4824 -> 185.95554 | J16: =ASN.HDB!G3566 -> 0.10810557 | K16: =ASN.HDB!G4824 -> 94.998711 | L16: =ASN.HDB!H3566 -> 0.26159087 | M16: =ASN.HDB!H4824 -> 1.8116523
A17: 13 | B17: =ASN.HDB!C3567 -> 0.0024185542 | C17: =ASN.HDB!C4825 -> 350.89688 | D17: =ASN.HDB!D3567 -> 0.89229482 | E17: =ASN.HDB!D4825 -> 179.92456 | F17: =ASN.HDB!E3567 -> 1.0224345 | G17: =ASN.HDB!E4825 -> 270.0882 | H17: =ASN.HDB!F3567 -> 2.1187785 | I17: =ASN.HDB!F4825 -> 182.82472 | J17: =ASN.HDB!G3567 -> 0.079925902 | K17: =ASN.HDB!G4825 -> 93.376434 | L17: =ASN.HDB!H3567 -> 0.24733897 | M17: =ASN.HDB!H4825 -> 0.49184415
A18: 14 | B18: =ASN.HDB!C3568 -> 0.0015681563 | C18: =ASN.HDB!C4826 -> 2.717072 | D18: =ASN.HDB!D3568 -> 0.90850741 | E18: =ASN.HDB!D4826 -> 179.94617 | F18: =ASN.HDB!E3568 -> 1.0159432 | G18: =ASN.HDB!E4826 -> 270.03644 | H18: =ASN.HDB!F3568 -> 1.6443237 | I18: =ASN.HDB!F4826 -> 181.59705 | J18: =ASN.HDB!G3568 -> 0.061707374 | K18: =ASN.HDB!G4826 -> 92.483414 | L18: =ASN.HDB!H3568 -> 0.24129982 | M18: =ASN.HDB!H4826 -> 0.11565867
... A39: 35 | B39: =ASN.HDB!C3589 -> 0.0024320814 | C39: =ASN.HDB!C4847 -> 274.40063 | D39: =ASN.HDB!D3589 -> 1.1940706 | E39: =ASN.HDB!D4847 -> 180.02026 | F39: =ASN.HDB!E3589 -> 1.0006342 | G39: =ASN.HDB!E4847 -> 269.99994 | H39: =ASN.HDB!F3589 -> 0.22887197 | I39: =ASN.HDB!F4847 -> 179.92342 | J39: =ASN.HDB!G3589 -> 0.0053494377 | K39: =ASN.HDB!G4847 -> 90.515381 | L39: =ASN.HDB!H3589 -> 0.28382015 | M39: =ASN.HDB!H4847 -> 359.45233

Sheet 280°
A1: ='0°'!A1 -> RAOs for Ile de Molene
A3: Direction = 280°
A4: Period | B4: Surge | D4: Sway | F4: Heave | H4: Roll | J4: Pitch | L4: Yaw
B5: Ampl. | C5: Phase | D5: Ampl. | E5: Phase | F5: Ampl. | G5: Phase | H5: Ampl. | I5: Phase | J5: Ampl. | K5: Phase | L5: Ampl. | M5: Phase
A6: (s) | B6: m/m | C6: deg | D6: m/m | E6: deg | F6: m/m | G6: deg | H6: deg/m | I6: deg | J6: deg/m | K6: deg | L6: deg/m | M6: deg
A7: 3 | B7: =ASN.HDB!C3591 -> 0.0012581847 | C7: =ASN.HDB!C4849 -> 156.66507 | D7: =ASN.HDB!D3591 -> 0.017829176 | E7: =ASN.HDB!D4849 -> 124.17379 | F7: =ASN.HDB!E3591 -> 0.004039017 | G7: =ASN.HDB!E4849 -> 261.91785 | H7: =ASN.HDB!F3591 -> 0.13104905 | I7: =ASN.HDB!F4849 -> 154.5045 | J7: =ASN.HDB!G3591 -> 0.03155328 | K7: =ASN.HDB!G4849 -> 154.92992 | L7: =ASN.HDB!H3591 -> 0.091053464 | M7: =ASN.HDB!H4849 -> 219.51755
A8: 4 | B8: =ASN.HDB!C3592 -> 0.011321666 | C8: =ASN.HDB!C4850 -> 354.18402 | D8: =ASN.HDB!D3592 -> 0.074108802 | E8: =ASN.HDB!D4850 -> 180.44275 | F8: =ASN.HDB!E3592 -> 0.025872238 | G8: =ASN.HDB!E4850 -> 356.11371 | H8: =ASN.HDB!F3592 -> 0.19267546 | I8: =ASN.HDB!F4850 -> 259.86856 | J8: =ASN.HDB!G3592 -> 0.24353442 | K8: =ASN.HDB!G4850 -> 296.01697 | L8: =ASN.HDB!H3592 -> 0.30259407 | M8: =ASN.HDB!H4850 -> 317.78311
A9: 5 | B9: =ASN.HDB!C3593 -> 0.013673053 | C9: =ASN.HDB!C4851 -> 255.67078 | D9: =ASN.HDB!D3593 -> 0.22472981 | E9: =ASN.HDB!D4851 -> 207.93709 | F9: =ASN.HDB!E3593 -> 0.18417197 | G9: =ASN.HDB!E4851 -> 22.691719 | H9: =ASN.HDB!F3593 -> 0.52759403 | I9: =ASN.HDB!F4851 -> 304.4097 | J9: =ASN.HDB!G3593 -> 0.79989117 | K9: =ASN.HDB!G4851 -> 306.99274 | L9: =ASN.HDB!H3593 -> 0.56801534 | M9: =ASN.HDB!H4851 -> 311.02399
A10: 6 | B10: =ASN.HDB!C3594 -> 0.081794098 | C10: =ASN.HDB!C4852 -> 132.90413 | D10: =ASN.HDB!D3594 -> 0.391653 | E10: =ASN.HDB!D4852 -> 207.22838 | F10: =ASN.HDB!E3594 -> 0.54691529 | G10: =ASN.HDB!E4852 -> 8.1847782 | H10: =ASN.HDB!F3594 -> 0.84382021 | I10: =ASN.HDB!F4852 -> 326.29932 | J10: =ASN.HDB!G3594 -> 1.836591 | K10: =ASN.HDB!G4852 -> 277.54205 | L10: =ASN.HDB!H3594 -> 0.58471864 | M10: =ASN.HDB!H4852 -> 303.75717
A11: 7 | B11: =ASN.HDB!C3595 -> 0.17758346 | C11: =ASN.HDB!C4853 -> 77.651115 | D11: =ASN.HDB!D3595 -> 0.52049297 | E11: =ASN.HDB!D4853 -> 203.15076 | F11: =ASN.HDB!E3595 -> 1.0279852 | G11: =ASN.HDB!E4853 -> 336.46198 | H11: =ASN.HDB!F3595 -> 1.5240104 | I11: =ASN.HDB!F4853 -> 342.34616 | J11: =ASN.HDB!G3595 -> 2.0453544 | K11: =ASN.HDB!G4853 -> 229.30289 | L11: =ASN.HDB!H3595 -> 0.52222145 | M11: =ASN.HDB!H4853 -> 296.42746
A12: 8 | B12: =ASN.HDB!C3596 -> 0.2021618 | C12: =ASN.HDB!C4854 -> 40.798584 | D12: =ASN.HDB!D3596 -> 0.61214799 | E12: =ASN.HDB!D4854 -> 199.8943 | F12: =ASN.HDB!E3596 -> 1.1361057 | G12: =ASN.HDB!E4854 -> 309.68472 | H12: =ASN.HDB!F3596 -> 2.9709859 | I12: =ASN.HDB!F4854 -> 343.03024 | J12: =ASN.HDB!G3596 -> 1.4313945 | K12: =ASN.HDB!G4854 -> 195.54219 | L12: =ASN.HDB!H3596 -> 0.41036794 | M12: =ASN.HDB!H4854 -> 289.21844
A13: 9 | B13: =ASN.HDB!C3597 -> 0.18704978 | C13: =ASN.HDB!C4855 -> 23.150381 | D13: =ASN.HDB!D3597 -> 0.67479777 | E13: =ASN.HDB!D4855 -> 198.56679 | F13: =ASN.HDB!E3597 -> 1.1007918 | G13: =ASN.HDB!E4855 -> 296.05127 | H13: =ASN.HDB!F3597 -> 6.2711558 | I13: =ASN.HDB!F4855 -> 313.43472 | J13: =ASN.HDB!G3597 -> 0.90543008 | K13: =ASN.HDB!G4855 -> 179.65633 | L13: =ASN.HDB!H3597 -> 0.2003793 | M13: =ASN.HDB!H4855 -> 285.99551
A14: 10 | B14: =ASN.HDB!C3598 -> 0.17497674 | C14: =ASN.HDB!C4856 -> 16.004854 | D14: =ASN.HDB!D3598 -> 0.77401561 | E14: =ASN.HDB!D4856 -> 197.64359 | F14: =ASN.HDB!E3598 -> 1.0631217 | G14: =ASN.HDB!E4856 -> 289.0058 | H14: =ASN.HDB!F3598 -> 7.5686893 | I14: =ASN.HDB!F4856 -> 245.25114 | J14: =ASN.HDB!G3598 -> 0.61626023 | K14: =ASN.HDB!G4856 -> 174.35664 | L14: =ASN.HDB!H3598 -> 0.30493358 | M14: =ASN.HDB!H4856 -> 351.78638
A15: 11 | B15: =ASN.HDB!C3599 -> 0.16968887 | C15: =ASN.HDB!C4857 -> 12.618594 | D15: =ASN.HDB!D3599 -> 0.83014864 | E15: =ASN.HDB!D4857 -> 193.21298 | F15: =ASN.HDB!E3599 -> 1.0397794 | G15: =ASN.HDB!E4857 -> 284.86411 | H15: =ASN.HDB!F3599 -> 4.6528926 | I15: =ASN.HDB!F4857 -> 199.94896 | J15: =ASN.HDB!G3599 -> 0.45809111 | K15: =ASN.HDB!G4857 -> 172.94975 | L15: =ASN.HDB!H3599 -> 0.39045393 | M15: =ASN.HDB!H4857 -> 332.90451
A16: 12 | B16: =ASN.HDB!C3600 -> 0.16787593 | C16: =ASN.HDB!C4858 -> 10.556396 | D16: =ASN.HDB!D3600 -> 0.85531622 | E16: =ASN.HDB!D4858 -> 190.84154 | F16: =ASN.HDB!E3600 -> 1.0261036 | G16: =ASN.HDB!E4858 -> 282.12186 | H16: =ASN.HDB!F3600 -> 2.9030368 | I16: =ASN.HDB!F4858 -> 188.87653 | J16: =ASN.HDB!G3600 -> 0.36159813 | K16: =ASN.HDB!G4858 -> 172.68135 | L16: =ASN.HDB!H3600 -> 0.35123807 | M16: =ASN.HDB!H4858 -> 328.38556
A17: 13 | B17: =ASN.HDB!C3601 -> 0.16757004 | C17: =ASN.HDB!C4859 -> 9.0590057 | D17: =ASN.HDB!D3601 -> 0.87585366 | E17: =ASN.HDB!D4859 -> 189.22896 | F17: =ASN.HDB!E3601 -> 1.0179061 | G17: =ASN.HDB!E4859 -> 280.15436 | H17: =ASN.HDB!F3601 -> 2.0867538 | I17: =ASN.HDB!F4859 -> 185.5614 | J17: =ASN.HDB!G3601 -> 0.29658073 | K17: =ASN.HDB!G4859 -> 172.69142 | L17: =ASN.HDB!H3601 -> 0.32079503 | M17: =ASN.HDB!H4859 -> 328.82104
A18: 14 | B18: =ASN.HDB!C3602 -> 0.16787198 | C18: =ASN.HDB!C4860 -> 7.8717799 | D18: =ASN.HDB!D3602 -> 0.89249778 | E18: =ASN.HDB!D4860 -> 187.97321 | F18: =ASN.HDB!E3602 -> 1.0128064 | G18: =ASN.HDB!E4860 -> 278.6665 | H18: =ASN.HDB!F3602 -> 1.6191496 | I18: =ASN.HDB!F4860 -> 184.1086 | J18: =ASN.HDB!G3602 -> 0.2495351 | K18: =ASN.HDB!G4860 -> 172.73978 | L18: =ASN.HDB!H3602 -> 0.29966074 | M18: =ASN.HDB!H4860 -> 330.55457
... A39: 35 | B39: =ASN.HDB!C3623 -> 0.20894854 | C39: =ASN.HDB!C4881 -> 0.8285324 | D39: =ASN.HDB!D3623 -> 1.1758225 | E39: =ASN.HDB!D4881 -> 181.56638 | F39: =ASN.HDB!E3623 -> 1.0005369 | G39: =ASN.HDB!E4881 -> 271.62912 | H39: =ASN.HDB!F3623 -> 0.22540559 | I39: =ASN.HDB!F4881 -> 180.53468 | J39: =ASN.HDB!G3623 -> 0.04438467 | K39: =ASN.HDB!G4881 -> 174.40327 | L39: =ASN.HDB!H3623 -> 0.28355306 | M39: =ASN.HDB!H4881 -> 351.89197

Sheet 290°
A1: ='0°'!A1 -> RAOs for Ile de Molene
A3: Direction = 290°
A4: Period | B4: Surge | D4: Sway | F4: Heave | H4: Roll | J4: Pitch | L4: Yaw
B5: Ampl. | C5: Phase | D5: Ampl. | E5: Phase | F5: Ampl. | G5: Phase | H5: Ampl. | I5: Phase | J5: Ampl. | K5: Phase | L5: Ampl. | M5: Phase
A6: (s) | B6: m/m | C6: deg | D6: m/m | E6: deg | F6: m/m | G6: deg | H6: deg/m | I6: deg | J6: deg/m | K6: deg | L6: deg/m | M6: deg
A7: 3 | B7: =ASN.HDB!C3625 -> 0.001734792 | C7: =ASN.HDB!C4883 -> 188.36208 | D7: =ASN.HDB!D3625 -> 0.0079826694 | E7: =ASN.HDB!D4883 -> 114.67744 | F7: =ASN.HDB!E3625 -> 0.0050484007 | G7: =ASN.HDB!E4883 -> 180.45412 | H7: =ASN.HDB!F3625 -> 0.070053697 | I7: =ASN.HDB!F4883 -> 186.71599 | J7: =ASN.HDB!G3625 -> 0.050133597 | K7: =ASN.HDB!G4883 -> 195.3661 | L7: =ASN.HDB!H3625 -> 0.020604931 | M7: =ASN.HDB!H4883 -> 195.73541
A8: 4 | B8: =ASN.HDB!C3626 -> 0.0050297892 | C8: =ASN.HDB!C4884 -> 201.43456 | D8: =ASN.HDB!D3626 -> 0.034898531 | E8: =ASN.HDB!D4884 -> 221.36716 | F8: =ASN.HDB!E3626 -> 0.021784661 | G8: =ASN.HDB!E4884 -> 331.51431 | H8: =ASN.HDB!F3626 -> 0.34010106 | I8: =ASN.HDB!F4884 -> 275.00485 | J8: =ASN.HDB!G3626 -> 0.10593716 | K8: =ASN.HDB!G4884 -> 332.24475 | L8: =ASN.HDB!H3626 -> 0.08270143 | M8: =ASN.HDB!H4884 -> 356.58975
A9: 5 | B9: =ASN.HDB!C3627 -> 0.015967136 | C9: =ASN.HDB!C4885 -> 121.82542 | D9: =ASN.HDB!D3627 -> 0.096771747 | E9: =ASN.HDB!D4885 -> 260.17145 | F9: =ASN.HDB!E3627 -> 0.04984187 | G9: =ASN.HDB!E4885 -> 44.942368 | H9: =ASN.HDB!F3627 -> 0.48887187 | I9: =ASN.HDB!F4885 -> 328.58572 | J9: =ASN.HDB!G3627 -> 0.85425931 | K9: =ASN.HDB!G4885 -> 346.24539 | L9: =ASN.HDB!H3627 -> 0.54885799 | M9: =ASN.HDB!H4885 -> 19.00795
A10: 6 | B10: =ASN.HDB!C3628 -> 0.10035804 | C10: =ASN.HDB!C4886 -> 134.18312 | D10: =ASN.HDB!D3628 -> 0.27100715 | E10: =ASN.HDB!D4886 -> 251.65227 | F10: =ASN.HDB!E3628 -> 0.27782837 | G10: =ASN.HDB!E4886 -> 51.809345 | H10: =ASN.HDB!F3628 -> 1.0076324 | I10: =ASN.HDB!F4886 -> 341.87576 | J10: =ASN.HDB!G3628 -> 2.2156148 | K10: =ASN.HDB!G4886 -> 309.2876 | L10: =ASN.HDB!H3628 -> 0.80237979 | M10: =ASN.HDB!H4886 -> 350.9436
A11: 7 | B11: =ASN.HDB!C3629 -> 0.24286869 | C11: =ASN.HDB!C4887 -> 95.352737 | D11: =ASN.HDB!D3629 -> 0.42896602 | E11: =ASN.HDB!D4887 -> 236.00089 | F11: =ASN.HDB!E3629 -> 0.7818985 | G11: =ASN.HDB!E4887 -> 13.404986 | H11: =ASN.HDB!F3629 -> 1.6422462 | I11: =ASN.HDB!F4887 -> 348.21301 | J11: =ASN.HDB!G3629 -> 2.7170248 | K11: =ASN.HDB!G4887 -> 260.77411 | L11: =ASN.HDB!H3629 -> 0.8123011 | M11: =ASN.HDB!H4887 -> 331.76151
A12: 8 | B12: =ASN.HDB!C3630 -> 0.31955448 | C12: =ASN.HDB!C4888 -> 61.123974 | D12: =ASN.HDB!D3630 -> 0.53917849 | E12: =ASN.HDB!D4888 -> 225.00505 | F12: =ASN.HDB!E3630 -> 0.99831009 | G12: =ASN.HDB!E4888 -> 337.77322 | H12: =ASN.HDB!F3630 -> 2.9985149 | I12: =ASN.HDB!F4888 -> 347.22333 | J12: =ASN.HDB!G3630 -> 2.1447787 | K12: =ASN.HDB!G4888 -> 225.41545 | L12: =ASN.HDB!H3630 -> 0.70091748 | M12: =ASN.HDB!H4888 -> 317.95892
A13: 9 | B13: =ASN.HDB!C3631 -> 0.32669261 | C13: =ASN.HDB!C4889 -> 41.345371 | D13: =ASN.HDB!D3631 -> 0.61839044 | E13: =ASN.HDB!D4889 -> 218.60625 | F13: =ASN.HDB!E3631 -> 1.0292054 | G13: =ASN.HDB!E4889 -> 317.72638 | H13: =ASN.HDB!F3631 -> 6.1735115 | I13: =ASN.HDB!F4889 -> 317.57101 | J13: =ASN.HDB!G3631 -> 1.4935498 | K13: =ASN.HDB!G4889 -> 206.36934 | L13: =ASN.HDB!H3631 -> 0.4794634 | M13: =ASN.HDB!H4889 -> 313.36856
A14: 10 | B14: =ASN.HDB!C3632 -> 0.32270318 | C14: =ASN.HDB!C4890 -> 31.105759 | D14: =ASN.HDB!D3632 -> 0.72634983 | E14: =ASN.HDB!D4890 -> 213.06114 | F14: =ASN.HDB!E3632 -> 1.0227902 | G14: =ASN.HDB!E4890 -> 306.17368 | H14: =ASN.HDB!F3632 -> 7.4011531 | I14: =ASN.HDB!F4890 -> 248.28703 | J14: =ASN.HDB!G3632 -> 1.0830692 | K14: =ASN.HDB!G4890 -> 197.45851 | L14: =ASN.HDB!H3632 -> 0.52813703 | M14: =ASN.HDB!H4890 -> 337.19144
A15: 11 | B15: =ASN.HDB!C3633 -> 0.32167521 | C15: =ASN.HDB!C4891 -> 25.029974 | D15: =ASN.HDB!D3633 -> 0.77906901 | E15: =ASN.HDB!D4891 -> 205.71161 | F15: =ASN.HDB!E3633 -> 1.0150026 | G15: =ASN.HDB!E4891 -> 298.81467 | H15: =ASN.HDB!F3633 -> 4.4662404 | I15: =ASN.HDB!F4891 -> 202.59361 | J15: =ASN.HDB!G3633 -> 0.83581978 | K15: =ASN.HDB!G4891 -> 192.81052 | L15: =ASN.HDB!H3633 -> 0.58428591 | M15: =ASN.HDB!H4891 -> 325.39233
A16: 12 | B16: =ASN.HDB!C3634 -> 0.32283625 | C16: =ASN.HDB!C4892 -> 20.867384 | D16: =ASN.HDB!D3634 -> 0.80577296 | E16: =ASN.HDB!D4892 -> 201.40189 | F16: =ASN.HDB!E3634 -> 1.0098108 | G16: =ASN.HDB!E4892 -> 293.70206 | H16: =ASN.HDB!F3634 -> 2.7720935 | I16: =ASN.HDB!F4892 -> 191.62112 | J16: =ASN.HDB!G3634 -> 0.67434007 | K16: =ASN.HDB!G4892 -> 189.91034 | L16: =ASN.HDB!H3634 -> 0.51380217 | M16: =ASN.HDB!H4892 -> 320.33133
A17: 13 | B17: =ASN.HDB!C3635 -> 0.32481396 | C17: =ASN.HDB!C4893 -> 17.756168 | D17: =ASN.HDB!D3635 -> 0.82790774 | E17: =ASN.HDB!D4893 -> 198.24655 | F17: =ASN.HDB!E3635 -> 1.0066278 | G17: =ASN.HDB!E4893 -> 289.93546 | H17: =ASN.HDB!F3635 -> 1.9902505 | I17: =ASN.HDB!F4893 -> 188.17633 | J17: =ASN.HDB!G3635 -> 0.56041425 | K17: =ASN.HDB!G4893 -> 187.84352 | L17: =ASN.HDB!H3635 -> 0.45518759 | M17: =ASN.HDB!H4893 -> 319.13074
A18: 14 | B18: =ASN.HDB!C3636 -> 0.32692292 | C18: =ASN.HDB!C4894 -> 15.317513 | D18: =ASN.HDB!D3636 -> 0.84566844 | E18: =ASN.HDB!D4894 -> 195.75414 | F18: =ASN.HDB!E3636 -> 1.0046768 | G18: =ASN.HDB!E4894 -> 287.04706 | H18: =ASN.HDB!F3636 -> 1.5437778 | I18: =ASN.HDB!F4894 -> 186.52364 | J18: =ASN.HDB!G3636 -> 0.47545776 | K18: =ASN.HDB!G4894 -> 186.25443 | L18: =ASN.HDB!H3636 -> 0.41012248 | M18: =ASN.HDB!H4894 -> 319.43222
... A39: 35 | B39: =ASN.HDB!C3657 -> 0.41124183 | C39: =ASN.HDB!C4915 -> 2.6032965 | D39: =ASN.HDB!D3657 -> 1.1216629 | E39: =ASN.HDB!D4915 -> 183.06474 | F39: =ASN.HDB!E3657 -> 1.000257 | G39: =ASN.HDB!E4915 -> 273.20886 | H39: =ASN.HDB!F3657 -> 0.21508139 | I39: =ASN.HDB!F4915 -> 181.1205 | J39: =ASN.HDB!G3657 -> 0.086885512 | K39: =ASN.HDB!G4915 -> 179.08037 | L39: =ASN.HDB!H3657 -> 0.28059953 | M39: =ASN.HDB!H4915 -> 344.98862

Sheet 300°
A1: ='0°'!A1 -> RAOs for Ile de Molene
A3: Direction = 300°
A4: Period | B4: Surge | D4: Sway | F4: Heave | H4: Roll | J4: Pitch | L4: Yaw
B5: Ampl. | C5: Phase | D5: Ampl. | E5: Phase | F5: Ampl. | G5: Phase | H5: Ampl. | I5: Phase | J5: Ampl. | K5: Phase | L5: Ampl. | M5: Phase
A6: (s) | B6: m/m | C6: deg | D6: m/m | E6: deg | F6: m/m | G6: deg | H6: deg/m | I6: deg | J6: deg/m | K6: deg | L6: deg/m | M6: deg
A7: 3 | B7: =ASN.HDB!C3659 -> 0.00078728289 | C7: =ASN.HDB!C4917 -> 48.463509 | D7: =ASN.HDB!D3659 -> 0.0045167236 | E7: =ASN.HDB!D4917 -> 100.57944 | F7: =ASN.HDB!E3659 -> 0.0038520955 | G7: =ASN.HDB!E4917 -> 218.86113 | H7: =ASN.HDB!F3659 -> 0.060760606 | I7: =ASN.HDB!F4917 -> 218.46753 | J7: =ASN.HDB!G3659 -> 0.024325304 | K7: =ASN.HDB!G4917 -> 202.44615 | L7: =ASN.HDB!H3659 -> 0.0082092052 | M7: =ASN.HDB!H4917 -> 148.41075
A8: 4 | B8: =ASN.HDB!C3660 -> 0.011117418 | C8: =ASN.HDB!C4918 -> 345.21689 | D8: =ASN.HDB!D3660 -> 0.0031393494 | E8: =ASN.HDB!D4918 -> 10.800287 | F8: =ASN.HDB!E3660 -> 0.013970726 | G8: =ASN.HDB!E4918 -> 354.98077 | H8: =ASN.HDB!F3660 -> 0.27925608 | I8: =ASN.HDB!F4918 -> 324.21912 | J8: =ASN.HDB!G3660 -> 0.14679125 | K8: =ASN.HDB!G4918 -> 312.78775 | L8: =ASN.HDB!H3660 -> 0.11020306 | M8: =ASN.HDB!H4918 -> 27.443745
A9: 5 | B9: =ASN.HDB!C3661 -> 0.024020812 | C9: =ASN.HDB!C4919 -> 199.44167 | D9: =ASN.HDB!D3661 -> 0.031076949 | E9: =ASN.HDB!D4919 -> 258.11246 | F9: =ASN.HDB!E3661 -> 0.064551763 | G9: =ASN.HDB!E4919 -> 338.87183 | H9: =ASN.HDB!F3661 -> 0.48125541 | I9: =ASN.HDB!F4919 -> 320.50818 | J9: =ASN.HDB!G3661 -> 0.60041839 | K9: =ASN.HDB!G4919 -> 11.443964 | L9: =ASN.HDB!H3661 -> 0.28711092 | M9: =ASN.HDB!H4919 -> 82.543839
A10: 6 | B10: =ASN.HDB!C3662 -> 0.11424451 | C10: =ASN.HDB!C4920 -> 153.81787 | D10: =ASN.HDB!D3662 -> 0.14646655 | E10: =ASN.HDB!D4920 -> 292.68103 | F10: =ASN.HDB!E3662 -> 0.053284228 | G10: =ASN.HDB!E4920 -> 128.19936 | H10: =ASN.HDB!F3662 -> 0.84947962 | I10: =ASN.HDB!F4920 -> 355.8735 | J10: =ASN.HDB!G3662 -> 2.0988111 | K10: =ASN.HDB!G4920 -> 336.93973 | L10: =ASN.HDB!H3662 -> 0.77788138 | M10: =ASN.HDB!H4920 -> 35.810074
A11: 7 | B11: =ASN.HDB!C3663 -> 0.27495116 | C11: =ASN.HDB!C4921 -> 116.85434 | D11: =ASN.HDB!D3663 -> 0.31764275 | E11: =ASN.HDB!D4921 -> 267.17099 | F11: =ASN.HDB!E3663 -> 0.53459078 | G11: =ASN.HDB!E4921 -> 52.242748 | H11: =ASN.HDB!F3663 -> 1.5379554 | I11: =ASN.HDB!F4921 -> 357.93961 | J11: =ASN.HDB!G3663 -> 3.0028973 | K11: =ASN.HDB!G4921 -> 287.34818 | L11: =ASN.HDB!H3663 -> 0.93063605 | M11: =ASN.HDB!H4921 -> 4.4392028
A12: 8 | B12: =ASN.HDB!C3664 -> 0.40069768 | C12: =ASN.HDB!C4922 -> 81.24575 | D12: =ASN.HDB!D3664 -> 0.44291717 | E12: =ASN.HDB!D4922 -> 248.64951 | F12: =ASN.HDB!E3664 -> 0.83788937 | G12: =ASN.HDB!E4922 -> 5.2315907 | H12: =ASN.HDB!F3664 -> 2.8322277 | I12: =ASN.HDB!F4922 -> 354.31335 | J12: =ASN.HDB!G3664 -> 2.6673932 | K12: =ASN.HDB!G4922 -> 248.65649 | L12: =ASN.HDB!H3664 -> 0.87200832 | M12: =ASN.HDB!H4922 -> 343.18903
A13: 9 | B13: =ASN.HDB!C3665 -> 0.43763193 | C13: =ASN.HDB!C4923 -> 58.15797 | D13: =ASN.HDB!D3665 -> 0.53592271 | E13: =ASN.HDB!D4923 -> 237.36714 | F13: =ASN.HDB!E3665 -> 0.93743593 | G13: =ASN.HDB!E4923 -> 338.46869 | H13: =ASN.HDB!F3665 -> 5.8687434 | I13: =ASN.HDB!F4923 -> 323.31982 | J13: =ASN.HDB!G3665 -> 1.9905095 | K13: =ASN.HDB!G4923 -> 225.66183 | L13: =ASN.HDB!H3665 -> 0.67492861 | M13: =ASN.HDB!H4923 -> 333.61456
A14: 10 | B14: =ASN.HDB!C3666 -> 0.44760945 | C14: =ASN.HDB!C4924 -> 44.876766 | D14: =ASN.HDB!D3666 -> 0.64923 | E14: =ASN.HDB!D4924 -> 227.45563 | F14: =ASN.HDB!E3666 -> 0.96786129 | G14: =ASN.HDB!E4924 -> 322.46811 | H14: =ASN.HDB!F3666 -> 7.0966501 | I14: =ASN.HDB!F4924 -> 251.14732 | J14: =ASN.HDB!G3666 -> 1.4974986 | K14: =ASN.HDB!G4924 -> 213.36044 | L14: =ASN.HDB!H3666 -> 0.72623849 | M14: =ASN.HDB!H4924 -> 342.11447
A15: 11 | B15: =ASN.HDB!C3667 -> 0.45464006 | C15: =ASN.HDB!C4925 -> 36.414009 | D15: =ASN.HDB!D3667 -> 0.69898957 | E15: =ASN.HDB!D4925 -> 217.39764 | F15: =ASN.HDB!E3667 -> 0.97996074 | G15: =ASN.HDB!E4925 -> 312.0011 | H15: =ASN.HDB!F3667 -> 4.1426945 | I15: =ASN.HDB!F4925 -> 204.85931 | J15: =ASN.HDB!G3667 -> 1.178545 | K15: =ASN.HDB!G4925 -> 206.088 | L15: =ASN.HDB!H3667 -> 0.74014878 | M15: =ASN.HDB!H4925 -> 328.81589
A16: 12 | B16: =ASN.HDB!C3668 -> 0.46126837 | C16: =ASN.HDB!C4926 -> 30.414801 | D16: =ASN.HDB!D3668 -> 0.72803277 | E16: =ASN.HDB!D4926 -> 211.29739 | F16: =ASN.HDB!E3668 -> 0.9861998 | G16: =ASN.HDB!E4926 -> 304.6214 | H16: =ASN.HDB!F3668 -> 2.5542886 | I16: =ASN.HDB!F4926 -> 194.15327 | J16: =ASN.HDB!G3668 -> 0.96149921 | K16: =ASN.HDB!G4926 -> 201.19081 | L16: =ASN.HDB!H3668 -> 0.64387256 | M16: =ASN.HDB!H4926 -> 322.2157
A17: 13 | B17: =ASN.HDB!C3669 -> 0.46720862 | C17: =ASN.HDB!C4927 -> 25.876205 | D17: =ASN.HDB!D3669 -> 0.7520597 | E17: =ASN.HDB!D4927 -> 206.70119 | F17: =ASN.HDB!E3669 -> 0.99001092 | G17: =ASN.HDB!E4927 -> 299.1442 | H17: =ASN.HDB!F3669 -> 1.8317083 | I17: =ASN.HDB!F4927 -> 190.62256 | J17: =ASN.HDB!G3669 -> 0.80446792 | K17: =ASN.HDB!G4927 -> 197.58658 | L17: =ASN.HDB!H3669 -> 0.56510001 | M17: =ASN.HDB!H4927 -> 319.14685
A18: 14 | B18: =ASN.HDB!C3670 -> 0.47228384 | C18: =ASN.HDB!C4928 -> 22.310467 | D18: =ASN.HDB!D3670 -> 0.77105772 | E18: =ASN.HDB!D4928 -> 203.05142 | F18: =ASN.HDB!E3670 -> 0.99257439 | G18: =ASN.HDB!E4928 -> 294.92941 | H18: =ASN.HDB!F3670 -> 1.4205691 | I18: =ASN.HDB!F4928 -> 188.78384 | J18: =ASN.HDB!G3670 -> 0.68547511 | K18: =ASN.HDB!G4928 -> 194.7919 | L18: =ASN.HDB!H3670 -> 0.50276208 | M18: =ASN.HDB!H4928 -> 317.72577
... A39: 35 | B39: =ASN.HDB!C3691 -> 0.60086983 | C39: =ASN.HDB!C4949 -> 4.0686188 | D39: =ASN.HDB!D3691 -> 1.0333198 | E39: =ASN.HDB!D4949 -> 184.47307 | F39: =ASN.HDB!E3691 -> 0.99982959 | G39: =ASN.HDB!E4949 -> 274.69122 | H39: =ASN.HDB!F3691 -> 0.19821309 | I39: =ASN.HDB!F4949 -> 181.66354 | J39: =ASN.HDB!G3691 -> 0.12683129 | K39: =ASN.HDB!G4949 -> 181.39801 | L39: =ASN.HDB!H3691 -> 0.27199939 | M39: =ASN.HDB!H4949 -> 339.16119

Sheet 310°
A1: ='0°'!A1 -> RAOs for Ile de Molene
A3: Direction = 310°
A4: Period | B4: Surge | D4: Sway | F4: Heave | H4: Roll | J4: Pitch | L4: Yaw
B5: Ampl. | C5: Phase | D5: Ampl. | E5: Phase | F5: Ampl. | G5: Phase | H5: Ampl. | I5: Phase | J5: Ampl. | K5: Phase | L5: Ampl. | M5: Phase
A6: (s) | B6: m/m | C6: deg | D6: m/m | E6: deg | F6: m/m | G6: deg | H6: deg/m | I6: deg | J6: deg/m | K6: deg | L6: deg/m | M6: deg
A7: 3 | B7: =ASN.HDB!C3693 -> 0.0021186743 | C7: =ASN.HDB!C4951 -> 345.45358 | D7: =ASN.HDB!D3693 -> 0.004238945 | E7: =ASN.HDB!D4951 -> 52.926964 | F7: =ASN.HDB!E3693 -> 0.0023577802 | G7: =ASN.HDB!E4951 -> 228.8454 | H7: =ASN.HDB!F3693 -> 0.045997214 | I7: =ASN.HDB!F4951 -> 232.23244 | J7: =ASN.HDB!G3693 -> 0.018049758 | K7: =ASN.HDB!G4951 -> 231.41054 | L7: =ASN.HDB!H3693 -> 0.0056123286 | M7: =ASN.HDB!H4951 -> 27.534149
A8: 4 | B8: =ASN.HDB!C3694 -> 0.0064285551 | C8: =ASN.HDB!C4952 -> 9.5758953 | D8: =ASN.HDB!D3694 -> 0.016418448 | E8: =ASN.HDB!D4952 -> 199.27971 | F8: =ASN.HDB!E3694 -> 0.01731676 | G8: =ASN.HDB!E4952 -> 331.93997 | H8: =ASN.HDB!F3694 -> 0.17471039 | I8: =ASN.HDB!F4952 -> 300.01828 | J8: =ASN.HDB!G3694 -> 0.17392911 | K8: =ASN.HDB!G4952 -> 340.36813 | L8: =ASN.HDB!H3694 -> 0.031506069 | M8: =ASN.HDB!H4952 -> 174.82098
A9: 5 | B9: =ASN.HDB!C3695 -> 0.018689455 | C9: =ASN.HDB!C4953 -> 270.37619 | D9: =ASN.HDB!D3695 -> 0.031456631 | E9: =ASN.HDB!D4953 -> 263.98132 | F9: =ASN.HDB!E3695 -> 0.085519984 | G9: =ASN.HDB!E4953 -> 0.32233727 | H9: =ASN.HDB!F3695 -> 0.60815412 | I9: =ASN.HDB!F4953 -> 334.9035 | J9: =ASN.HDB!G3695 -> 0.42467779 | K9: =ASN.HDB!G4953 -> 4.0115762 | L9: =ASN.HDB!H3695 -> 0.041510317 | M9: =ASN.HDB!H4953 -> 122.39926
A10: 6 | B10: =ASN.HDB!C3696 -> 0.10274826 | C10: =ASN.HDB!C4954 -> 176.4487 | D10: =ASN.HDB!D3696 -> 0.054024067 | E10: =ASN.HDB!D4954 -> 325.71265 | F10: =ASN.HDB!E3696 -> 0.125636 | G10: =ASN.HDB!E4954 -> 273.35251 | H10: =ASN.HDB!F3696 -> 0.62512451 | I10: =ASN.HDB!F4954 -> 353.1922 | J10: =ASN.HDB!G3696 -> 1.6690454 | K10: =ASN.HDB!G4954 -> 356.75375 | L10: =ASN.HDB!H3696 -> 0.6019792 | M10: =ASN.HDB!H4954 -> 77.305153
A11: 7 | B11: =ASN.HDB!C3697 -> 0.26986939 | C11: =ASN.HDB!C4955 -> 137.60555 | D11: =ASN.HDB!D3697 -> 0.21206325 | E11: =ASN.HDB!D4955 -> 295.63943 | F11: =ASN.HDB!E3697 -> 0.33856854 | G11: =ASN.HDB!E4955 -> 95.924744 | H11: =ASN.HDB!F3697 -> 1.243052 | I11: =ASN.HDB!F4955 -> 5.9549742 | J11: =ASN.HDB!G3697 -> 2.9300909 | K11: =ASN.HDB!G4955 -> 309.60837 | L11: =ASN.HDB!H3697 -> 0.89198583 | M11: =ASN.HDB!H4955 -> 33.918289
A12: 8 | B12: =ASN.HDB!C3698 -> 0.44139028 | C12: =ASN.HDB!C4956 -> 99.714859 | D12: =ASN.HDB!D3698 -> 0.34034088 | E12: =ASN.HDB!D4956 -> 270.03458 | F12: =ASN.HDB!E3698 -> 0.67917311 | G12: =ASN.HDB!E4956 -> 31.686121 | H12: =ASN.HDB!F3698 -> 2.4470975 | I12: =ASN.HDB!F4956 -> 2.3565292 | J12: =ASN.HDB!G3698 -> 2.9610605 | K12: =ASN.HDB!G4956 -> 268.03561 | L12: =ASN.HDB!H3698 -> 0.91068393 | M12: =ASN.HDB!H4956 -> 5.4957247
A13: 9 | B13: =ASN.HDB!C3699 -> 0.51452404 | C13: =ASN.HDB!C4957 -> 73.290314 | D13: =ASN.HDB!D3699 -> 0.4385004 | E13: =ASN.HDB!D4957 -> 254.2991 | F13: =ASN.HDB!E3699 -> 0.83810025 | G13: =ASN.HDB!E4957 -> 357.76642 | H13: =ASN.HDB!F3699 -> 5.3700228 | I13: =ASN.HDB!F4957 -> 330.94 | J13: =ASN.HDB!G3699 -> 2.3588994 | K13: =ASN.HDB!G4957 -> 241.44991 | L13: =ASN.HDB!H3699 -> 0.75860596 | M13: =ASN.HDB!H4957 -> 350.82104
A14: 10 | B14: =ASN.HDB!C3700 -> 0.54428518 | C14: =ASN.HDB!C4958 -> 57.228466 | D14: =ASN.HDB!D3700 -> 0.55174136 | E14: =ASN.HDB!D4958 -> 240.35942 | F14: =ASN.HDB!E3700 -> 0.90557849 | G14: =ASN.HDB!E4958 -> 337.43506 | H14: =ASN.HDB!F3700 -> 6.5934887 | I14: =ASN.HDB!F4958 -> 253.55573 | J14: =ASN.HDB!G3700 -> 1.8328662 | K14: =ASN.HDB!G4958 -> 226.22537 | L14: =ASN.HDB!H3700 -> 0.83054125 | M14: =ASN.HDB!H4958 -> 351.01645
A15: 11 | B15: =ASN.HDB!C3701 -> 0.56331605 | C15: =ASN.HDB!C4959 -> 46.641968 | D15: =ASN.HDB!D3701 -> 0.59762621 | E15: =ASN.HDB!D4959 -> 227.91119 | F15: =ASN.HDB!E3701 -> 0.93915504 | G15: =ASN.HDB!E4959 -> 324.03879 | H15: =ASN.HDB!F3701 -> 3.6812093 | I15: =ASN.HDB!F4959 -> 206.59821 | J15: =ASN.HDB!G3701 -> 1.4673234 | K15: =ASN.HDB!G4959 -> 216.75835 | L15: =ASN.HDB!H3701 -> 0.81266695 | M15: =ASN.HDB!H4959 -> 335.17169
A16: 12 | B16: =ASN.HDB!C3702 -> 0.57803762 | C16: =ASN.HDB!C4960 -> 39.014309 | D16: =ASN.HDB!D3702 -> 0.62833917 | E16: =ASN.HDB!D4960 -> 220.22644 | F16: =ASN.HDB!E3702 -> 0.95824945 | G16: =ASN.HDB!E4960 -> 314.55539 | H16: =ASN.HDB!F3702 -> 2.2550077 | I16: =ASN.HDB!F4960 -> 196.3983 | J16: =ASN.HDB!G3702 -> 1.2089834 | K16: =ASN.HDB!G4960 -> 210.20787 | L16: =ASN.HDB!H3702 -> 0.70489341 | M16: =ASN.HDB!H4960 -> 327.02954
A17: 13 | B17: =ASN.HDB!C3703 -> 0.58972192 | C17: =ASN.HDB!C4961 -> 33.205566 | D17: =ASN.HDB!D3703 -> 0.65348661 | E17: =ASN.HDB!D4961 -> 214.33549 | F17: =ASN.HDB!E3703 -> 0.97013366 | G17: =ASN.HDB!E4961 -> 307.50461 | H17: =ASN.HDB!F3703 -> 1.6162105 | I17: =ASN.HDB!F4961 -> 192.8316 | J17: =ASN.HDB!G3703 -> 1.0177636 | K17: =ASN.HDB!G4961 -> 205.33099 | L17: =ASN.HDB!H3703 -> 0.61779815 | M17: =ASN.HDB!H4961 -> 322.358
A18: 14 | B18: =ASN.HDB!C3704 -> 0.598993 | C18: =ASN.HDB!C4962 -> 28.632139 | D18: =ASN.HDB!D3704 -> 0.67309713 | E18: =ASN.HDB!D4962 -> 209.6425 | F18: =ASN.HDB!E3704 -> 0.97799796 | G18: =ASN.HDB!E4962 -> 302.07587 | H18: =ASN.HDB!F3704 -> 1.2536958 | I18: =ASN.HDB!F4962 -> 190.83354 | J18: =ASN.HDB!G3704 -> 0.8707186 | K18: =ASN.HDB!G4962 -> 201.53561 | L18: =ASN.HDB!H3704 -> 0.54766691 | M18: =ASN.HDB!H4962 -> 319.48434
... A39: 35 | B39: =ASN.HDB!C3725 -> 0.77203882 | C39: =ASN.HDB!C4983 -> 5.3478665 | D39: =ASN.HDB!D3725 -> 0.91357827 | E39: =ASN.HDB!D4983 -> 185.74681 | F39: =ASN.HDB!E3725 -> 0.99930412 | G39: =ASN.HDB!E4983 -> 276.03113 | H39: =ASN.HDB!F3725 -> 0.17532414 | I39: =ASN.HDB!F4983 -> 182.1503 | J39: =ASN.HDB!G3725 -> 0.16292244 | K39: =ASN.HDB!G4983 -> 183.02327 | L39: =ASN.HDB!H3725 -> 0.25436595 | M39: =ASN.HDB!H4983 -> 334.53241

Sheet 320°
A1: ='0°'!A1 -> RAOs for Ile de Molene
A3: Direction = 320°
